file	line	method	path	auth	permiso	handlers
routes/ScheduledMessagesRoutes.ts	11	GET	/schedules-message	SI		isAuth|ScheduleMesageController.index
routes/ScheduledMessagesRoutes.ts	13	POST	/schedules-message	SI		isAuth|ScheduleMesageController.store
routes/ScheduledMessagesRoutes.ts	15	PUT	/schedules-message/:scheduleId	SI		isAuth|ScheduleMesageController.update
routes/ScheduledMessagesRoutes.ts	17	GET	/schedules-message/:scheduleId	SI		isAuth|ScheduleMesageController.show
routes/ScheduledMessagesRoutes.ts	19	DELETE	/schedules-message/:scheduleId	SI		isAuth|ScheduleMesageController.remove
routes/affiliateRoutes.ts	21	GET	/affiliates/dashboard	SI		isAuth|isSuper|AffiliateController.dashboard
routes/affiliateRoutes.ts	26	GET	/affiliates/programs	SI		isAuth|isSuper|AffiliateController.listPrograms
routes/affiliateRoutes.ts	27	POST	/affiliates/programs	SI		isAuth|isSuper|AffiliateController.createProgram
routes/affiliateRoutes.ts	28	GET	/affiliates/programs/:id	SI		isAuth|isSuper|AffiliateController.showProgram
routes/affiliateRoutes.ts	29	PUT	/affiliates/programs/:id	SI		isAuth|isSuper|AffiliateController.updateProgram
routes/affiliateRoutes.ts	59	GET	/affiliates/referrals	SI		isAuth|AffiliateController.listReferrals
routes/affiliateRoutes.ts	76	GET	/affiliates/wallet	SI		isAuth|AffiliateController.getWallet
routes/affiliateRoutes.ts	114	GET	/affiliates/links	SI		isAuth|AffiliateController.listLinksAction
routes/affiliateRoutes.ts	115	POST	/affiliates/links	SI		isAuth|AffiliateController.createLinkAction
routes/affiliateRoutes.ts	125	GET	/affiliates/tiers	SI		isAuth|isSuper|AffiliateController.listTiers
routes/affiliateRoutes.ts	126	POST	/affiliates/tiers	SI		isAuth|isSuper|AffiliateController.createTier
routes/affiliateRoutes.ts	131	GET	/ref/:code	NO		AffiliateController.trackReferral
routes/aiABTestRoutes.ts	8	POST	/ai/ab-tests	SI		isAuth|AIABTestController.createTest
routes/aiABTestRoutes.ts	9	GET	/ai/ab-tests	SI		isAuth|AIABTestController.listTests
routes/aiABTestRoutes.ts	10	GET	/ai/ab-tests/:testId	SI		isAuth|AIABTestController.getTest
routes/aiABTestRoutes.ts	11	POST	/ai/ab-tests/:testId/start	SI		isAuth|AIABTestController.startTest
routes/aiABTestRoutes.ts	12	POST	/ai/ab-tests/:testId/pause	SI		isAuth|AIABTestController.pauseTest
routes/aiABTestRoutes.ts	13	POST	/ai/ab-tests/:testId/evaluate	SI		isAuth|AIABTestController.evaluateTest
routes/aiABTestRoutes.ts	14	POST	/ai/ab-tests/variants/:variantId/result	SI		isAuth|AIABTestController.recordResult
routes/aiAffiliateRoutes.ts	7	GET	/ai/affiliates	SI		isAuth|AIAffiliateController.show
routes/aiAffiliateRoutes.ts	8	GET	/ai/affiliates/programs	SI		isAuth|AIAffiliateController.show
routes/aiAffiliateRoutes.ts	9	POST	/ai/affiliates	SI		isAuth|AIAffiliateController.store
routes/aiAffiliateRoutes.ts	10	POST	/ai/affiliates/programs	SI		isAuth|AIAffiliateController.store
routes/aiAffiliateRoutes.ts	11	GET	/ai/affiliates/stats	SI		isAuth|AIAffiliateController.stats
routes/aiAffiliateRoutes.ts	12	POST	/ai/affiliates/:id/activate	SI		isAuth|AIAffiliateController.activate
routes/aiAffiliateRoutes.ts	13	POST	/ai/affiliates/:id/deactivate	SI		isAuth|AIAffiliateController.deactivate
routes/aiAgentRoutes.ts	9	GET	/ai/agents	SI		isAuth|AIAgentController.listConfigs
routes/aiAgentRoutes.ts	10	GET	/ai/agents/departments	SI		isAuth|AIAgentController.listDepartments
routes/aiAgentRoutes.ts	11	GET	/ai/agents/configs	SI		isAuth|AIAgentController.listConfigs
routes/aiAgentRoutes.ts	12	POST	/ai/agents/configs	SI		isAuth|AIAgentController.createConfig
routes/aiAgentRoutes.ts	13	PUT	/ai/agents/configs/:id	SI		isAuth|AIAgentController.updateConfig
routes/aiAgentRoutes.ts	16	GET	/ai/agents/metrics	SI		isAuth|AIAgentController.getMetrics
routes/aiAgentRoutes.ts	19	POST	/ai/agents/process	SI		isAuth|1|AIAgentController.processMessage
routes/aiAnalyticsRoutes.ts	10	POST	/ai-analytics/generate-copy	SI		isAuth|AIAnalyticsController.generateCopy
routes/aiAnalyticsRoutes.ts	11	GET	/ai-analytics/copy-metadata	SI		isAuth|AIAnalyticsController.getCopyMetadata
routes/aiAnalyticsRoutes.ts	12	POST	/ai-analytics/score-creative	SI		isAuth|AIAnalyticsController.scoreCreative
routes/aiAnalyticsRoutes.ts	13	POST	/ai-analytics/detect-anomalies	SI		isAuth|AIAnalyticsController.detectAnomalies
routes/aiAnalyticsRoutes.ts	14	POST	/ai-analytics/deep-diagnose	SI		isAuth|AIAnalyticsController.deepDiagnose
routes/aiChatbotDomainRoutes.ts	7	GET	/ai/chatbot-domains	SI		isAuth|AIChatbotDomainController.index
routes/aiChatbotDomainRoutes.ts	8	POST	/ai/chatbot-domains	SI		isAuth|AIChatbotDomainController.store
routes/aiChatbotDomainRoutes.ts	9	PUT	/ai/chatbot-domains/:id	SI		isAuth|AIChatbotDomainController.update
routes/aiChatbotDomainRoutes.ts	10	DELETE	/ai/chatbot-domains/:id	SI		isAuth|AIChatbotDomainController.remove
routes/aiChatbotRoutes.ts	9	GET	/ai/chatbots	SI		isAuth|AIChatbotController.index
routes/aiChatbotRoutes.ts	10	GET	/ai/chatbots/stats	SI		isAuth|AIChatbotController.stats
routes/aiChatbotRoutes.ts	11	GET	/ai/chatbots/:id	SI		isAuth|AIChatbotController.show
routes/aiChatbotRoutes.ts	14	POST	/ai/chatbots	SI		isAuth|AIChatbotController.store
routes/aiChatbotRoutes.ts	15	PUT	/ai/chatbots/:id	SI		isAuth|AIChatbotController.update
routes/aiChatbotRoutes.ts	16	DELETE	/ai/chatbots/:id	SI		isAuth|AIChatbotController.remove
routes/aiChatbotRoutes.ts	19	POST	/ai/chatbots/:id/datasources	SI		isAuth|1|AIChatbotController.addDataSource
routes/aiChatbotRoutes.ts	20	POST	/ai/chatbots/:id/train	SI		isAuth|1|AIChatbotController.train
routes/aiConfigRoutes.ts	11	GET	/ai/providers	SI		isAuth|isSuper|AIConfigController.listProviders
routes/aiConfigRoutes.ts	14	GET	/ai/providers/:id	SI		isAuth|isSuper|AIConfigController.getProvider
routes/aiConfigRoutes.ts	17	POST	/ai/providers	SI		isAuth|isSuper|AIConfigController.createProvider
routes/aiConfigRoutes.ts	20	PUT	/ai/providers/:id	SI		isAuth|isSuper|AIConfigController.updateProvider
routes/aiConfigRoutes.ts	23	DELETE	/ai/providers/:id	SI		isAuth|isSuper|AIConfigController.deleteProvider
routes/aiConfigRoutes.ts	26	POST	/ai/providers/:id/test	SI		isAuth|isSuper|AIConfigController.testConnection
routes/aiConfigRoutes.ts	31	GET	/ai/templates	SI		isAuth|isSuper|AIConfigController.listPromptTemplates
routes/aiConfigRoutes.ts	34	POST	/ai/templates	SI		isAuth|isSuper|AIConfigController.createPromptTemplate
routes/aiConfigRoutes.ts	37	PUT	/ai/templates/:id	SI		isAuth|isSuper|AIConfigController.updatePromptTemplate
routes/aiConfigRoutes.ts	40	DELETE	/ai/templates/:id	SI		isAuth|isSuper|AIConfigController.deletePromptTemplate
routes/aiConfigRoutes.ts	45	GET	/ai/analytics	SI		isAuth|isSuper|AIConfigController.getAnalytics
routes/aiConfigRoutes.ts	50	GET	/ai/models/:provider	SI		isAuth|AIConfigController.getAvailableModels
routes/aiCorrectionReviewRoutes.ts	16	GET	/ai/correction-review	SI		isAuth|AICorrectionReviewController.index
routes/aiCorrectionReviewRoutes.ts	17	GET	/ai/correction-review/stats	SI		isAuth|AICorrectionReviewController.stats
routes/aiCorrectionReviewRoutes.ts	18	GET	/ai/correction-review/:id	SI		isAuth|AICorrectionReviewController.show
routes/aiCorrectionReviewRoutes.ts	19	POST	/ai/correction-review/:id/approve	SI		isAuth|AICorrectionReviewController.approve
routes/aiCorrectionReviewRoutes.ts	20	POST	/ai/correction-review/:id/reject	SI		isAuth|AICorrectionReviewController.reject
routes/aiCorrectionReviewRoutes.ts	21	POST	/ai/correction-review/bulk-approve	SI		isAuth|AICorrectionReviewController.bulkApprove
routes/aiCorrectionRoutes.ts	8	GET	/ai/corrections	SI		isAuth|CorrectionController.index
routes/aiCorrectionRoutes.ts	9	POST	/ai/corrections	SI		isAuth|CorrectionController.store
routes/aiCorrectionRoutes.ts	10	PUT	/ai/corrections/:id	SI		isAuth|CorrectionController.update
routes/aiCorrectionRoutes.ts	11	DELETE	/ai/corrections/:id	SI		isAuth|CorrectionController.remove
routes/aiCorrectionRoutes.ts	14	GET	/ai/memories	SI		isAuth|CorrectionController.listMemories
routes/aiCorrectionRoutes.ts	15	PUT	/ai/memories/:id	SI		isAuth|CorrectionController.updateMemory
routes/aiCorrectionRoutes.ts	16	DELETE	/ai/memories/:id	SI		isAuth|CorrectionController.deleteMemory
routes/aiCostRoutes.ts	9	POST	/ai/coingate/orders	SI		isAuth|AICostController.createCoingatOrder
routes/aiCostRoutes.ts	10	GET	/ai/coingate/orders/:orderId	SI		isAuth|AICostController.getCoingatOrder
routes/aiCostRoutes.ts	11	GET	/ai/coingate/currencies	SI		isAuth|AICostController.coingateCurrencies
routes/aiCostRoutes.ts	12	GET	/ai/coingate/status	SI		isAuth|AICostController.coingateStatus
routes/aiCostRoutes.ts	13	POST	/ai/coingate/webhook	NO		AICostController.coingateWebhook
routes/aiCostRoutes.ts	16	GET	/ai/costs/report	SI		isAuth|AICostController.getCostReport
routes/aiCostRoutes.ts	17	GET	/ai/costs/cache-stats	SI		isAuth|AICostController.getCacheStats
routes/aiCostRoutes.ts	24	GET	/ai-costs/summary	SI		isAuth|isSuper|AICostController.getAISummary
routes/aiCostRoutes.ts	25	GET	/ai-costs/by-company	SI		isAuth|isSuper|AICostController.getAIByCompany
routes/aiCostRoutes.ts	26	GET	/ai-costs/trends	SI		isAuth|isSuper|AICostController.getAITrends
routes/aiCostRoutes.ts	29	GET	/ai-costs/company/summary	SI		isAuth|AICostController.getAICompanySummary
routes/aiCreditRoutes.ts	9	GET	/ai/credits/types	SI		isAuth|AICreditController.listTypes
routes/aiCreditRoutes.ts	12	GET	/ai/credits/balances	SI		isAuth|AICreditController.listBalances
routes/aiCreditRoutes.ts	13	GET	/ai/credits/quotas	SI		isAuth|AICreditController.listBalances|tipo
routes/aiCreditRoutes.ts	15	GET	/ai/credits/summary	SI		isAuth|AICreditController.getSummary
routes/aiCreditRoutes.ts	16	GET	/ai/credits/balance/:key	SI		isAuth|AICreditController.getBalance
routes/aiCreditRoutes.ts	19	GET	/ai/credits/usage	SI		isAuth|AICreditController.getUsage
routes/aiCreditRoutes.ts	22	GET	/ai/credits/transactions	SI		isAuth|AICreditTransactionController.list
routes/aiCreditRoutes.ts	23	GET	/ai/credits/transactions/export	SI		isAuth|AICreditTransactionController.exportCSV
routes/aiCreditRoutes.ts	24	GET	/ai/credits/analytics	SI		isAuth|AICreditTransactionController.analytics
routes/aiCreditRoutes.ts	27	POST	/ai/credits/add	SI		isAuth|AICreditController.addCredits
routes/aiCreditRoutes.ts	28	POST	/ai/credits/deduct	SI		isAuth|AICreditController.deductCredits
routes/aiCreditRoutes.ts	29	POST	/ai/credits/initialize	SI		isAuth|AICreditController.initializeCredits
routes/aiDashboardRoutes.ts	8	GET	/ai/dashboard/widgets	SI		isAuth|AIDashboardController.getAllWidgets
routes/aiDashboardRoutes.ts	9	GET	/ai/dashboard/widgets/:widgetId	SI		isAuth|AIDashboardController.getWidget
routes/aiDashboardRoutes.ts	12	GET	/ai/dashboard/admin	SI		isAuth|AIDashboardController.getAdminDashboard
routes/aiDashboardRoutes.ts	15	POST	/ai/dashboard/aggregate	SI		isAuth|AIDashboardController.triggerAggregation
routes/aiEmailTemplateRoutes.ts	8	GET	/ai/email-templates	SI		isAuth|AIEmailTemplateController.list
routes/aiEmailTemplateRoutes.ts	11	POST	/ai/email-templates	SI		isAuth|AIEmailTemplateController.store
routes/aiEmailTemplateRoutes.ts	14	POST	/ai/email-templates/render	SI		isAuth|AIEmailTemplateController.render
routes/aiEntityRoutes.ts	8	GET	/ai/entities/list	SI		isAuth|AIEntityController.findList
routes/aiEntityRoutes.ts	9	GET	/ai/entities/capability	SI		isAuth|AIEntityController.findByCapability
routes/aiEntityRoutes.ts	10	GET	/ai/entities	SI		isAuth|AIEntityController.index
routes/aiEntityRoutes.ts	11	GET	/ai/entities/:id	SI		isAuth|AIEntityController.show
routes/aiEntityRoutes.ts	14	POST	/ai/entities	SI		isAuth|AIEntityController.store
routes/aiEntityRoutes.ts	15	PUT	/ai/entities/:id	SI		isAuth|AIEntityController.update
routes/aiEntityRoutes.ts	16	DELETE	/ai/entities/:id	SI		isAuth|AIEntityController.remove
routes/aiExtensionRoutes.ts	8	GET	/ai/extensions	SI		isAuth|AIExtensionController.list
routes/aiExtensionRoutes.ts	9	GET	/ai/extensions/installed	SI		isAuth|AIExtensionController.listInstalled
routes/aiExtensionRoutes.ts	12	POST	/ai/extensions/install	SI		isAuth|AIExtensionController.install
routes/aiExtensionRoutes.ts	13	POST	/ai/extensions/uninstall	SI		isAuth|AIExtensionController.uninstall
routes/aiFineTuningRoutes.ts	8	GET	/ai/fine-tuning/data-sources	SI		isAuth|AIFineTuningController.listDataSources
routes/aiFineTuningRoutes.ts	9	GET	/ai/fine-tuning/jobs/models	SI		isAuth|AIFineTuningController.listModels
routes/aiFineTuningRoutes.ts	10	POST	/ai/fine-tuning/jobs/prepare-dataset	SI		isAuth|AIFineTuningController.prepareDataset
routes/aiFineTuningRoutes.ts	13	POST	/ai/fine-tuning/jobs	SI		isAuth|AIFineTuningController.createJob
routes/aiFineTuningRoutes.ts	14	GET	/ai/fine-tuning/jobs	SI		isAuth|AIFineTuningController.listJobs
routes/aiFineTuningRoutes.ts	17	GET	/ai/fine-tuning/jobs/:jobId	SI		isAuth|AIFineTuningController.getJob
routes/aiFineTuningRoutes.ts	18	POST	/ai/fine-tuning/jobs/:jobId/cancel	SI		isAuth|AIFineTuningController.cancelJob
routes/aiFineTuningRoutes.ts	19	GET	/ai/fine-tuning/jobs/:jobId/events	SI		isAuth|AIFineTuningController.getJobEvents
routes/aiGraphRAGRoutes.ts	11	GET	/ai/rag/documents	SI		isAuth|AIGraphRAGController.listDocuments
routes/aiGraphRAGRoutes.ts	12	GET	/ai/rag/stats	SI		isAuth|AIGraphRAGController.getStats
routes/aiGraphRAGRoutes.ts	15	POST	/ai/rag/documents	SI		isAuth|AIGraphRAGController.createDocument
routes/aiGraphRAGRoutes.ts	16	GET	/ai/rag/documents/:id	SI		isAuth|AIGraphRAGController.getDocumentDetail
routes/aiGraphRAGRoutes.ts	17	DELETE	/ai/rag/documents/:id	SI		isAuth|AIGraphRAGController.deleteDocument
routes/aiGraphRAGRoutes.ts	18	PUT	/ai/rag/documents/:id/reindex	SI		isAuth|AIGraphRAGController.reindexDocument
routes/aiGraphRAGRoutes.ts	19	POST	/ai/rag/search	SI		isAuth|AIGraphRAGController.searchKB
routes/aiGraphRAGRoutes.ts	22	POST	/ai/graph-rag/search	SI		isAuth|AIGraphRAGController.search
routes/aiGraphRAGRoutes.ts	23	POST	/ai/graph-rag/build/:documentId	SI		isAuth|AIGraphRAGController.buildGraph
routes/aiGraphRAGRoutes.ts	24	POST	/ai/graph-rag/extract-entities	SI		isAuth|AIGraphRAGController.extractEntities
routes/aiGraphRAGRoutes.ts	27	POST	/ai/tickets/auto-index/:ticketId	SI		isAuth|AIGraphRAGController.indexTicket
routes/aiGraphRAGRoutes.ts	28	POST	/ai/tickets/batch-index	SI		isAuth|AIGraphRAGController.batchIndex
routes/aiHeygenRoutes.ts	8	GET	/ai/heygen/videos	SI		isAuth|AIHeygenController.listVideos
routes/aiHeygenRoutes.ts	9	POST	/ai/heygen/videos	SI		isAuth|AIHeygenController.createVideo
routes/aiHeygenRoutes.ts	10	POST	/ai/heygen/generate	SI		isAuth|AIHeygenController.createVideo
routes/aiHeygenRoutes.ts	11	GET	/ai/heygen/videos/status/:videoId	SI		isAuth|AIHeygenController.getVideoStatus
routes/aiHeygenRoutes.ts	12	GET	/ai/heygen/avatars	SI		isAuth|AIHeygenController.listAvatars
routes/aiHeygenRoutes.ts	13	GET	/ai/heygen/voices	SI		isAuth|AIHeygenController.listVoices
routes/aiHeygenRoutes.ts	14	GET	/ai/heygen/quota	SI		isAuth|AIHeygenController.getQuota
routes/aiMercadoPagoRoutes.ts	8	POST	/ai/mercadopago/preferences	SI		isAuth|AIMercadoPagoController.createPreference
routes/aiMercadoPagoRoutes.ts	9	GET	/ai/mercadopago/payments/:paymentId	SI		isAuth|AIMercadoPagoController.getPayment
routes/aiMercadoPagoRoutes.ts	10	GET	/ai/mercadopago/status	SI		isAuth|AIMercadoPagoController.checkStatus
routes/aiMercadoPagoRoutes.ts	13	POST	/ai/mercadopago/webhook	NO		AIMercadoPagoController.webhook
routes/aiMultimodalRoutes.ts	8	POST	/ai/vision/analyze	SI		isAuth|AIMultimodalController.analyzeImage
routes/aiMultimodalRoutes.ts	9	GET	/ai/vision/history	SI		isAuth|AIMultimodalController.getVisionHistory
routes/aiMultimodalRoutes.ts	12	POST	/ai/pdf/process	SI		isAuth|AIMultimodalController.processPDF
routes/aiMultimodalRoutes.ts	15	POST	/ai/youtube/transcript	SI		isAuth|AIMultimodalController.getTranscript
routes/aiMultimodalRoutes.ts	18	POST	/ai/rss/fetch	SI		isAuth|AIMultimodalController.fetchRSS
routes/aiMultimodalRoutes.ts	19	POST	/ai/rss/ingest	SI		isAuth|AIMultimodalController.ingestRSS
routes/aiObservabilityRoutes.ts	8	GET	/ai/observability/traces	SI		isAuth|AIObservabilityController.listTraces
routes/aiObservabilityRoutes.ts	9	GET	/ai/observability/traces/:traceId	SI		isAuth|AIObservabilityController.getTrace
routes/aiObservabilityRoutes.ts	12	GET	/ai/observability/dashboard	SI		isAuth|AIObservabilityController.getDashboard
routes/aiObservabilityRoutes.ts	15	GET	/ai/observability/stats/latency	SI		isAuth|AIObservabilityController.getLatencyStats
routes/aiObservabilityRoutes.ts	16	GET	/ai/observability/stats/models	SI		isAuth|AIObservabilityController.getModelUsage
routes/aiObservabilityRoutes.ts	17	GET	/ai/observability/stats/agents	SI		isAuth|AIObservabilityController.getAgentPerformance
routes/aiObservabilityRoutes.ts	18	GET	/ai/observability/stats/errors	SI		isAuth|AIObservabilityController.getErrorAnalysis
routes/aiRealtimeAudioRoutes.ts	8	POST	/ai/audio/process	SI		isAuth|AIRealtimeAudioController.processAudio
routes/aiRealtimeAudioRoutes.ts	9	POST	/ai/audio/transcribe	SI		isAuth|AIRealtimeAudioController.processAudio
routes/aiRealtimeAudioRoutes.ts	10	POST	/ai/audio/tts	SI		isAuth|AIRealtimeAudioController.textToSpeech
routes/aiRealtimeAudioRoutes.ts	13	GET	/ai/audio/voices	SI		isAuth|AIRealtimeAudioController.listVoices
routes/aiRealtimeAudioRoutes.ts	16	GET	/ai/audio/status	SI		isAuth|AIRealtimeAudioController.getStatus
routes/aiSchedulerRoutes.ts	8	POST	/ai/scheduler/tasks	SI		isAuth|AISchedulerController.createTask
routes/aiSchedulerRoutes.ts	9	GET	/ai/scheduler/tasks	SI		isAuth|AISchedulerController.listTasks
routes/aiSchedulerRoutes.ts	12	POST	/ai/scheduler/run-due	SI		isAuth|AISchedulerController.runDueTasks
routes/aiSchedulerRoutes.ts	15	GET	/ai/scheduler/tasks/:taskId	SI		isAuth|AISchedulerController.getTask
routes/aiSchedulerRoutes.ts	16	PUT	/ai/scheduler/tasks/:taskId	SI		isAuth|AISchedulerController.updateTask
routes/aiSchedulerRoutes.ts	17	DELETE	/ai/scheduler/tasks/:taskId	SI		isAuth|AISchedulerController.deleteTask
routes/aiSchedulerRoutes.ts	18	POST	/ai/scheduler/tasks/:taskId/pause	SI		isAuth|AISchedulerController.pauseTask
routes/aiSchedulerRoutes.ts	19	POST	/ai/scheduler/tasks/:taskId/resume	SI		isAuth|AISchedulerController.resumeTask
routes/aiSchedulerRoutes.ts	20	POST	/ai/scheduler/tasks/:taskId/run	SI		isAuth|AISchedulerController.runTask
routes/aiSubplanPurchaseRoutes.ts	17	GET	/ai/subplan-purchase/token-info	SI		isAuth|AISubplanPurchaseController.getCompanyTokenInfo
routes/aiSubplanPurchaseRoutes.ts	20	GET	/ai/subplan-purchase/available	SI		isAuth|AISubplanPurchaseController.listAvailableSubplans
routes/aiSubplanPurchaseRoutes.ts	23	POST	/ai/subplan-purchase/checkout	SI		isAuth|AISubplanPurchaseController.createSubplanCheckout
routes/aiSubplanPurchaseRoutes.ts	26	POST	/ai/subplan-purchase/paypal	SI		isAuth|AISubplanPurchaseController.createSubplanPaypalOrder
routes/aiSubplanPurchaseRoutes.ts	29	POST	/ai/subplan-purchase/paypal/capture	SI		isAuth|AISubplanPurchaseController.captureSubplanPaypalOrder
routes/aiSubplanPurchaseRoutes.ts	32	POST	/ai/subplan-purchase/comprobante	SI		isAuth|AISubplanPurchaseController.processSubplanComprobante
routes/aiSubplanRoutes.ts	11	GET	/ai/subplans	SI		isAuth|isSuper|AISubplanController.listSubplans
routes/aiSubplanRoutes.ts	14	GET	/ai/subplans/public	SI		isAuth|AISubplanController.listPublicSubplans
routes/aiSubplanRoutes.ts	17	GET	/ai/subplans/:id	SI		isAuth|isSuper|AISubplanController.getSubplan
routes/aiSubplanRoutes.ts	20	POST	/ai/subplans	SI		isAuth|isSuper|AISubplanController.createSubplan
routes/aiSubplanRoutes.ts	23	PUT	/ai/subplans/:id	SI		isAuth|isSuper|AISubplanController.updateSubplan
routes/aiSubplanRoutes.ts	26	DELETE	/ai/subplans/:id	SI		isAuth|isSuper|AISubplanController.deleteSubplan
routes/aiTeamRoutes.ts	8	GET	/ai/teams	SI		isAuth|AITeamController.index
routes/aiTeamRoutes.ts	11	POST	/ai/teams	SI		isAuth|AITeamController.store
routes/aiTeamRoutes.ts	12	PUT	/ai/teams/:id	SI		isAuth|AITeamController.update
routes/aiTeamRoutes.ts	13	DELETE	/ai/teams/:id	SI		isAuth|AITeamController.remove
routes/aiTeamRoutes.ts	16	POST	/ai/teams/:teamId/members	SI		isAuth|AITeamController.addMember
routes/aiTeamRoutes.ts	17	DELETE	/ai/teams/:teamId/members/:userId	SI		isAuth|AITeamController.removeMember
routes/aiWriterRoutes.ts	8	POST	/ai/writer/generate	SI		isAuth|AIWriterController.generate
routes/aiWriterRoutes.ts	9	POST	/ai/writer/variants	SI		isAuth|AIWriterController.variants
routes/aiWriterRoutes.ts	10	POST	/ai/writer/rewrite	SI		isAuth|AIWriterController.rewrite
routes/aiWriterRoutes.ts	13	POST	/ai/campaign-wizard/suggest	SI		isAuth|AIWriterController.wizardSuggest
routes/aiWriterRoutes.ts	14	POST	/ai/campaign-wizard/variants	SI		isAuth|AIWriterController.wizardVariants
routes/aiWriterRoutes.ts	15	POST	/ai/campaign-wizard/image-prompt	SI		isAuth|AIWriterController.wizardImagePrompt
routes/aiWriterRoutes.ts	16	POST	/ai/campaign-wizard/analyze	SI		isAuth|AIWriterController.wizardAnalyze
routes/announcementRoutes.ts	13	GET	/announcements/list	SI		isAuth|AnnouncementController.findList
routes/announcementRoutes.ts	14	GET	/announcements	SI		isAuth|AnnouncementController.index
routes/announcementRoutes.ts	15	GET	/announcements/:id	SI		isAuth|AnnouncementController.show
routes/announcementRoutes.ts	16	POST	/announcements	SI		isAuth|AnnouncementController.store
routes/announcementRoutes.ts	18	POST	/announcements/broadcast	SI		isAuth|isSuper|AnnouncementController.broadcast
routes/announcementRoutes.ts	19	PUT	/announcements/:id	SI		isAuth|AnnouncementController.update
routes/announcementRoutes.ts	20	DELETE	/announcements/:id	SI		isAuth|AnnouncementController.remove
routes/announcementRoutes.ts	21	POST	/announcements/:id/media-upload	SI		isAuth|AnnouncementController.mediaUpload
routes/announcementRoutes.ts	22	DELETE	/announcements/:id/media-upload	SI		isAuth|AnnouncementController.deleteMedia
routes/api/apiCompanyRoutes.ts	30	GET	/api/plans	SI		isAuthCompany|PlanController.index
routes/api/apiCompanyRoutes.ts	32	GET	/api/plans/:id	SI		isAuthCompany|PlanController.show
routes/api/apiCompanyRoutes.ts	34	POST	/api/plans	SI		isAuthCompany|PlanController.store
routes/api/apiCompanyRoutes.ts	36	PUT	/api/plans/:id	SI		isAuthCompany|PlanController.update
routes/api/apiCompanyRoutes.ts	38	DELETE	/api/plans/:id	SI		isAuthCompany|PlanController.remove
routes/api/apiCompanyRoutes.ts	41	GET	/api/companies	SI		isAuthCompany|CompanyController.index
routes/api/apiCompanyRoutes.ts	43	GET	/api/companies/:id	SI		isAuthCompany|CompanyController.show
routes/api/apiCompanyRoutes.ts	45	GET	/api/companiesEmail/:email	SI		isAuthCompany|CompanyController.showEmail
routes/api/apiCompanyRoutes.ts	47	POST	/api/companies	SI		isAuthCompany|CompanyController.store
routes/api/apiCompanyRoutes.ts	49	PUT	/api/companies/:id	SI		isAuthCompany|CompanyController.update
routes/api/apiCompanyRoutes.ts	51	PUT	/api/companies/:id/schedules	SI		isAuthCompany|CompanyController.updateSchedules
routes/api/apiCompanyRoutes.ts	53	DELETE	/api/companies/:id	SI		isAuthCompany|CompanyController.remove
routes/api/apiCompanyRoutes.ts	56	GET	/api/helps	SI		isAuthCompany|HelpController.index
routes/api/apiCompanyRoutes.ts	58	GET	/api/helps/:id	SI		isAuthCompany|HelpController.show
routes/api/apiCompanyRoutes.ts	60	POST	/api/helps	SI		isAuthCompany|HelpController.store
routes/api/apiCompanyRoutes.ts	62	PUT	/api/helps/:id	SI		isAuthCompany|HelpController.update
routes/api/apiCompanyRoutes.ts	64	DELETE	/api/helps/:id	SI		isAuthCompany|HelpController.remove
routes/api/apiCompanyRoutes.ts	67	GET	/api/partners	SI		isAuthCompany|PartnerController.index
routes/api/apiCompanyRoutes.ts	69	GET	/api/partners/:id	SI		isAuthCompany|PartnerController.show
routes/api/apiCompanyRoutes.ts	71	POST	/api/partners	SI		isAuthCompany|PartnerController.store
routes/api/apiCompanyRoutes.ts	73	PUT	/api/partners/:id	SI		isAuthCompany|PartnerController.update
routes/api/apiCompanyRoutes.ts	75	DELETE	/api/partners/:id	SI		isAuthCompany|PartnerController.remove
routes/api/apiCompanyRoutes.ts	79	GET	/api/invoices	SI		isAuthCompany|InvoicesController.index
routes/api/apiCompanyRoutes.ts	81	GET	/api/invoices/:id	SI		isAuthCompany|InvoicesController.show
routes/api/apiCompanyRoutes.ts	83	GET	/api/invoicesCompany/:companyId	SI		isAuthCompany|InvoicesController.list
routes/api/apiCompanyRoutes.ts	85	POST	/api/invoices	SI		isAuthCompany|InvoicesController.store
routes/api/apiCompanyRoutes.ts	87	PUT	/api/invoices/:id	SI		isAuthCompany|InvoicesController.update
routes/api/apiCompanyRoutes.ts	89	DELETE	/api/invoices/:id	SI		isAuthCompany|InvoicesController.remove
routes/api/apiCompanyRoutes.ts	97	GET	/api/users/:email	SI		isAuthCompany|UserController.showEmail
routes/api/apiCompanyRoutes.ts	105	POST	/api/signup	NO		UserController.store
routes/api/apiCompanyRoutes.ts	106	POST	/api/login	NO		SessionController.store
routes/api/apiCompanyRoutes.ts	107	POST	/api/connect	NO		ConnectController.connect
routes/api/apiCompanyRoutes.ts	108	POST	/api/refresh_token	NO		SessionController.update
routes/api/apiCompanyRoutes.ts	109	DELETE	/api/logout	SI		isAuth|SessionController.remove
routes/api/apiCompanyRoutes.ts	110	GET	/api/me	SI		isAuth|SessionController.me
routes/api/apiCompanyRoutes.ts	112	GET	/api/messages/:ticketId	SI		isAuth|MessageController.index
routes/api/apiCompanyRoutes.ts	113	POST	/api/messages/:ticketId	SI		isAuth|MessageController.store
routes/api/apiCompanyRoutes.ts	114	POST	/api/messages/edit/:messageId	SI		isAuth|MessageController.edit
routes/api/apiCompanyRoutes.ts	115	POST	/api/message/forward	SI		isAuth|MessageController.forwardMessage
routes/api/apiCompanyRoutes.ts	116	GET	/api/quick-messages	SI		isAuth|QuickMessageController.index
routes/api/apiCompanyRoutes.ts	117	POST	/api/messages/lista/:ticketId	SI		isAuth|MessageController.sendListMessage
routes/api/apiCompanyRoutes.ts	120	GET	/api/tickets	SI		isAuth|TicketController.index
routes/api/apiCompanyRoutes.ts	121	PUT	/api/tickets/:ticketId	SI		isAuth|TicketController.update
routes/api/apiCompanyRoutes.ts	122	DELETE	/api/tickets/:ticketId	SI		isAuth|TicketController.remove
routes/api/apiCompanyRoutes.ts	123	GET	/api/tickets/:ticketId	SI		isAuth|TicketController.show
routes/api/apiCompanyRoutes.ts	124	POST	/api/tickets/closeAll	SI		isAuth|TicketController.closeAll
routes/api/apiCompanyRoutes.ts	125	POST	/api/tickets	SI		isAuth|TicketController.store
routes/api/apiCompanyRoutes.ts	127	GET	/api/contacts/:contactId	SI		isAuth|ContactController.show
routes/api/apiCompanyRoutes.ts	128	GET	/api/contacts	SI		isAuth|ContactController.index
routes/api/apiCompanyRoutes.ts	129	POST	/api/contacts	SI		isAuth|ContactController.store
routes/api/apiCompanyRoutes.ts	130	PUT	/api/contacts/:contactId	SI		isAuth|ContactController.update
routes/api/apiCompanyRoutes.ts	133	GET	/api/users	SI		isAuth|UserController.index
routes/api/apiCompanyRoutes.ts	134	PUT	/api/users-online	SI		isAuth|UserController.online
routes/api/apiCompanyRoutes.ts	135	GET	/api/get-online	SI		isAuth|UserController.get
routes/api/apiCompanyRoutes.ts	136	PUT	/api/users/:userId	SI		isAuth|UserController.update
routes/api/apiCompanyRoutes.ts	137	GET	/api/users/:userId	SI		isAuth|UserController.show
routes/api/apiCompanyRoutes.ts	140	GET	/api/chats	SI		isAuth|ChatController.index
routes/api/apiCompanyRoutes.ts	141	GET	/api/chats/:id	SI		isAuth|validateChatAccess|ChatController.show
routes/api/apiCompanyRoutes.ts	142	GET	/api/chats/:id/messages	SI		isAuth|validateChatAccess|ChatController.messages
routes/api/apiCompanyRoutes.ts	143	POST	/api/chats	SI		isAuth|ChatController.store
routes/api/apiCompanyRoutes.ts	144	POST	/api/chats/:id/messages	SI		isAuth|validateChatAccess|ChatController.saveMessage
routes/api/apiCompanyRoutes.ts	145	POST	/api/chats/:id/read	SI		isAuth|validateChatAccess|ChatController.checkAsRead
routes/api/apiCompanyRoutes.ts	146	GET	/api/chats/:id/unreads	SI		isAuth|validateChatAccess|ChatController.getUnreadCount
routes/api/apiCompanyRoutes.ts	147	POST	/api/chats/:id/mark-read	SI		isAuth|validateChatAccess|ChatController.markMultipleAsRead
routes/api/apiCompanyRoutes.ts	150	GET	/api/queue	SI		isAuth|QueueController.index
routes/api/apiCompanyRoutes.ts	154	GET	/api/tags	SI		isAuth|TagController.index
routes/api/apiCompanyRoutes.ts	155	DELETE	/api/tags-contacts/:tagId/:contactId	SI		isAuth|TagController.removeContactTag
routes/api/apiCompanyRoutes.ts	156	GET	/api/contactTags/:contactId	SI		isAuth|ContactController.getContactTags
routes/api/apiCompanyRoutes.ts	157	POST	/api/tags/sync	SI		isAuth|TagController.syncTags
routes/api/apiContactRoutes.ts	8	GET	/api/contacts	SI		isAuthCompany|ContactController.show
routes/api/apiContactRoutes.ts	9	GET	/api/contacts-count	SI		isAuthCompany|ContactController.count
routes/api/apiMessageRoutes.ts	10	GET	/api/messagesRange	SI		isAuth|MessageController.show
routes/apiRoutes.ts	14	POST	/api/messages/send	NO		tokenAuth|ApiController.index
routes/apiRoutes.ts	16	POST	/api/messages/send/linkImage	NO		tokenAuth|ApiController.indexImage
routes/apiRoutes.ts	17	POST	/api/messages/checkNumber	NO		tokenAuth|ApiController.checkNumber
routes/apiRoutes.ts	20	POST	/api/messages/send-template	NO		tokenAuth|ApiController.sendTemplate
routes/apiRoutes.ts	23	POST	/api/messages/checkNumbers	NO		tokenAuth|ApiController.checkNumbers
routes/apiRoutes.ts	26	GET	/api/messages/stats	SI		isAuth|ApiController.getApiStats
routes/apiRoutes.ts	27	GET	/api/messages/dashboard-stats	SI		isAuth|ApiController.getDashboardStats
routes/apiRoutes.ts	30	GET	/api/messages/failed-messages	SI		isAuth|ApiController.listFailedMessages
routes/apiRoutes.ts	31	POST	/api/messages/failed-messages/:id/retry	SI		isAuth|ApiController.retryFailedMessage
routes/apiRoutes.ts	32	DELETE	/api/messages/failed-messages/:id	SI		isAuth|ApiController.deleteFailedMessage
routes/appointmentRoutes.ts	9	GET	/appointments/services	SI		isAuth|AppointmentController.listServices
routes/appointmentRoutes.ts	10	POST	/appointments/services	SI		isAuth|AppointmentController.createService
routes/appointmentRoutes.ts	11	PUT	/appointments/services/:id	SI		isAuth|AppointmentController.updateService
routes/appointmentRoutes.ts	12	DELETE	/appointments/services/:id	SI		isAuth|AppointmentController.deleteService
routes/appointmentRoutes.ts	16	GET	/appointments/availability/slots	SI		isAuth|AppointmentController.getAvailableSlots
routes/appointmentRoutes.ts	17	POST	/appointments/availability	SI		isAuth|AppointmentController.setAvailability
routes/appointmentRoutes.ts	18	POST	/appointments/availability/bulk	SI		isAuth|AppointmentController.saveAvailabilityBulk
routes/appointmentRoutes.ts	19	GET	/appointments/availability/user/:userId	SI		isAuth|AppointmentController.getUserAvailability
routes/appointmentRoutes.ts	20	GET	/appointments/availability/blocks	SI		isAuth|AppointmentController.getCompanyBlocks
routes/appointmentRoutes.ts	21	POST	/appointments/availability/blocks	SI		isAuth|AppointmentController.createBlock
routes/appointmentRoutes.ts	22	DELETE	/appointments/availability/blocks/:id	SI		isAuth|AppointmentController.deleteBlock
routes/appointmentRoutes.ts	26	GET	/appointments/simultaneous-counts	SI		isAuth|express.Request|express.Response
routes/appointmentRoutes.ts	36	GET	/appointments/calendar/dates	SI		isAuth|AppointmentController.getAppointmentDates
routes/appointmentRoutes.ts	37	GET	/appointments/calendar/day	SI		isAuth|AppointmentController.getAppointmentsByDate
routes/appointmentRoutes.ts	41	GET	/appointments/appointments	SI		isAuth|AppointmentController.getAppointments
routes/appointmentRoutes.ts	42	GET	/appointments/appointments/:id	SI		isAuth|AppointmentController.getAppointmentById
routes/appointmentRoutes.ts	43	POST	/appointments/appointments	SI		isAuth|AppointmentController.createBooking
routes/appointmentRoutes.ts	44	PUT	/appointments/appointments/:id	SI		isAuth|AppointmentController.updateAppointment
routes/appointmentRoutes.ts	45	DELETE	/appointments/appointments/:id	SI		isAuth|AppointmentController.deleteAppointment
routes/appointmentRoutes.ts	46	POST	/appointments/appointments/:id/reschedule	SI		isAuth|AppointmentController.rescheduleAppointment
routes/appointmentRoutes.ts	47	POST	/appointments/appointments/:id/cancel	SI		isAuth|AppointmentController.cancelAppointment
routes/appointmentRoutes.ts	48	POST	/appointments/appointments/:id/confirm	SI		isAuth|AppointmentController.confirmAppointment
routes/appointmentRoutes.ts	49	POST	/appointments/appointments/:id/complete	SI		isAuth|AppointmentController.completeAppointment
routes/appointmentRoutes.ts	53	POST	/appointments/calendar/google/setup	SI		isAuth|AppointmentController.setupGoogleSync
routes/appointmentRoutes.ts	54	POST	/appointments/calendar/outlook/setup	SI		isAuth|AppointmentController.setupOutlookSync
routes/appointmentRoutes.ts	55	GET	/appointments/calendar/syncs	SI		isAuth|AppointmentController.getUserSyncs
routes/appointmentRoutes.ts	56	DELETE	/appointments/calendar/sync/:provider	SI		isAuth|AppointmentController.disableSync
routes/appointmentRoutes.ts	57	GET	/appointments/calendar/google/auth-url	SI		isAuth|AppointmentController.getGoogleAuthUrl
routes/appointmentRoutes.ts	58	GET	/appointments/calendar/google/callback	NO		AppointmentController.handleGoogleCallback
routes/appointmentRoutes.ts	62	GET	/appointments/ai/suggestions	SI		isAuth|AppointmentController.getAISuggestions
routes/appointmentRoutes.ts	63	GET	/appointments/ai/suggestions/contact/:contactId	SI		isAuth|AppointmentController.getSuggestionsForContact
routes/appointmentRoutes.ts	64	POST	/appointments/ai/suggestions/:id/apply	SI		isAuth|AppointmentController.applySuggestion
routes/appointmentRoutes.ts	65	GET	/appointments/ai/optimize	SI		isAuth|AppointmentController.optimizeSchedule
routes/appointmentRoutes.ts	69	GET	/appointments/reminders/templates	SI		isAuth|AppointmentController.getTemplates
routes/appointmentRoutes.ts	70	POST	/appointments/reminders/templates	SI		isAuth|AppointmentController.createTemplate
routes/appointmentRoutes.ts	71	PUT	/appointments/reminders/templates/:id	SI		isAuth|AppointmentController.updateTemplate
routes/appointmentRoutes.ts	72	DELETE	/appointments/reminders/templates/:id	SI		isAuth|AppointmentController.deleteTemplate
routes/appointmentRoutes.ts	73	POST	/appointments/reminders/templates/:id/toggle	SI		isAuth|AppointmentController.toggleTemplate
routes/appointmentRoutes.ts	77	GET	/appointments/reminders/history	SI		isAuth|AppointmentController.getReminderHistory
routes/appointmentRoutes.ts	78	GET	/appointments/reminders/stats	SI		isAuth|AppointmentController.getReminderStats
routes/appointmentRoutes.ts	82	GET	/appointments/availability/blocks-for-date	SI		isAuth|AppointmentController.getAvailableBlocksForDate
routes/appointmentRoutes.ts	83	POST	/appointments/availability/mark-booked	SI		isAuth|AppointmentController.markBlockAsBooked
routes/appointmentRoutes.ts	84	POST	/appointments/availability/release/:appointmentId	SI		isAuth|AppointmentController.releaseBlock
routes/authRoutes.ts	17	POST	/api/auth/signup	NO		signupLimiter|UserController.store
routes/authRoutes.ts	18	POST	/api/auth/google/verify	NO		UserController.verifyGoogle
routes/authRoutes.ts	21	POST	/api/auth/forgot-password	NO		authLimiter|PasswordController.forgotPassword
routes/authRoutes.ts	22	POST	/api/auth/reset-password	NO		PasswordController.resetPassword
routes/authRoutes.ts	23	POST	/api/auth/login	NO		authLimiter|SessionController.store
routes/authRoutes.ts	24	POST	/api/auth/refresh_token	NO		SessionController.update
routes/authRoutes.ts	25	GET	/api/auth/validate	SI		isAuth|SessionController.validate
routes/authRoutes.ts	26	DELETE	/api/auth/logout	SI		isAuth|SessionController.remove
routes/authRoutes.ts	27	GET	/api/auth/me	SI		isAuth|SessionController.me
routes/authRoutes.ts	30	GET	/api/auth/signup/terms/:type	NO		SettingController.getPublicTerms
routes/authRoutes.ts	31	POST	/api/auth/signup/accept-terms	SI		isAuth|SettingController.acceptTerms
routes/automationRuleRoutes.ts	8	GET	/automation-rules	SI		isAuth|AutomationRuleController.index
routes/automationRuleRoutes.ts	9	GET	/automation-rules/:id	SI		isAuth|AutomationRuleController.show
routes/automationRuleRoutes.ts	10	POST	/automation-rules	SI		isAuth|AutomationRuleController.store
routes/automationRuleRoutes.ts	11	PUT	/automation-rules/:id	SI		isAuth|AutomationRuleController.update
routes/automationRuleRoutes.ts	12	DELETE	/automation-rules/:id	SI		isAuth|AutomationRuleController.remove
routes/billingRoutes.ts	15	POST	(NO-MONTADO)/webhook	NO		
routes/billingRoutes.ts	30	POST	(NO-MONTADO)/checkout-session	NO		
routes/billingRoutes.ts	38	POST	(NO-MONTADO)/portal	NO		
routes/billingRoutes.ts	50	GET	(NO-MONTADO)/	NO		
routes/billingRoutes.ts	58	GET	(NO-MONTADO)/stats	NO		
routes/billingRoutes.ts	70	POST	(NO-MONTADO)/cancel	NO		
routes/billingRoutes.ts	78	POST	(NO-MONTADO)/reactivate	NO		
routes/billingRoutes.ts	90	GET	(NO-MONTADO)/invoices	NO		
routes/billingRoutes.ts	102	POST	(NO-MONTADO)/refund	NO		
routes/campaignApprovalRoutes.ts	8	GET	/approvals/current	SI		isAuth|C.getCurrent
routes/campaignApprovalRoutes.ts	9	GET	/approvals	SI		isAuth|C.list
routes/campaignApprovalRoutes.ts	10	GET	/approvals/can-launch	SI		isAuth|C.canLaunch
routes/campaignApprovalRoutes.ts	11	POST	/approvals/pieces	SI		isAuth|C.setPieces
routes/campaignApprovalRoutes.ts	12	POST	/approvals/:id/submit	SI		isAuth|C.submit
routes/campaignApprovalRoutes.ts	13	POST	/approvals/:id/approve	SI		isAuth|C.approve
routes/campaignApprovalRoutes.ts	14	POST	/approvals/:id/reject	SI		isAuth|C.reject
routes/campaignApprovalRoutes.ts	15	POST	/approvals/:id/request-revision	SI		isAuth|C.requestRevision
routes/campaignApprovalRoutes.ts	16	GET	/reports/monthly-close	SI		isAuth|Report.html
routes/campaignApprovalRoutes.ts	17	GET	/reports/monthly-close.pdf	SI		isAuth|Report.pdf
routes/campaignRoutes.ts	12	GET	/campaigns/list	SI		isAuth|CampaignController.findList
routes/campaignRoutes.ts	13	GET	/campaigns	SI		isAuth|CampaignController.index
routes/campaignRoutes.ts	14	GET	/campaigns/:id	SI		isAuth|CampaignController.show
routes/campaignRoutes.ts	15	POST	/campaigns	SI		isAuth|CampaignController.store
routes/campaignRoutes.ts	16	PUT	/campaigns/:id	SI		isAuth|CampaignController.update
routes/campaignRoutes.ts	17	DELETE	/campaigns/:id	SI		isAuth|CampaignController.remove
routes/campaignRoutes.ts	18	POST	/campaigns/:id/cancel	SI		isAuth|CampaignController.cancel
routes/campaignRoutes.ts	19	POST	/campaigns/:id/restart	SI		isAuth|CampaignController.restart
routes/campaignRoutes.ts	20	POST	/campaigns/:id/media-upload	SI		isAuth|CampaignController.mediaUpload
routes/campaignRoutes.ts	21	DELETE	/campaigns/:id/media-upload	SI		isAuth|CampaignController.deleteMedia
routes/campaignSettingRoutes.ts	12	GET	/campaign-settings	SI		isAuth|CampaignSettingController.index
routes/campaignSettingRoutes.ts	14	POST	/campaign-settings	SI		isAuth|CampaignSettingController.store
routes/chatBotRoutes.ts	8	GET	/chatbot	SI		isAuth|ChatbotController.index
routes/chatBotRoutes.ts	10	POST	/chatbot	SI		isAuth|ChatbotController.store
routes/chatBotRoutes.ts	12	GET	/chatbot/:chatbotId	SI		isAuth|ChatbotController.show
routes/chatBotRoutes.ts	14	PUT	/chatbot/:chatbotId	SI		isAuth|ChatbotController.update
routes/chatBotRoutes.ts	16	DELETE	/chatbot/:chatbotId	SI		isAuth|ChatbotController.remove
routes/chatRoutes.ts	12	GET	/chats-total-unreads	SI		isAuth|ChatController.getTotalUnreads
routes/chatRoutes.ts	13	GET	/chats	SI		isAuth|ChatController.index
routes/chatRoutes.ts	14	GET	/chats/:id	SI		isAuth|validateChatAccess|ChatController.show
routes/chatRoutes.ts	15	GET	/chats/:id/messages	SI		isAuth|validateChatAccess|ChatController.messages
routes/chatRoutes.ts	16	GET	/chats/:id/pinned-messages	SI		isAuth|validateChatAccess|ChatController.getPinnedMessages
routes/chatRoutes.ts	17	POST	/chats/:id/messages	SI		isAuth|validateChatAccess|ChatController.saveMessage
routes/chatRoutes.ts	18	POST	/chats/:id/read	SI		isAuth|validateChatAccess|ChatController.checkAsRead
routes/chatRoutes.ts	19	POST	/chats/:chatId/mark-read	SI		isAuth|validateChatAccess|ChatController.markMultipleAsRead
routes/chatRoutes.ts	20	POST	/chats/messages/:messageId/delivered	SI		isAuth|ChatController.markAsDelivered
routes/chatRoutes.ts	21	POST	/chats/messages/:messageId/read	SI		isAuth|ChatController.markAsRead
routes/chatRoutes.ts	22	POST	/chats/messages/:messageId/pin	SI		isAuth|ChatController.pinMessage
routes/chatRoutes.ts	23	DELETE	/chats/messages/:messageId/pin	SI		isAuth|ChatController.unpinMessage
routes/chatRoutes.ts	24	POST	/chats	SI		isAuth|ChatController.store
routes/chatRoutes.ts	25	PUT	/chats/:id	SI		isAuth|validateChatAccess|ChatController.update
routes/chatRoutes.ts	26	DELETE	/chats/:id	SI		isAuth|validateChatAccess|ChatController.remove
routes/commentAutoReplyRoutes.ts	14	GET	/comment-autoreply/dashboard	SI		isAuth|CommentAutoReplyController.dashboard
routes/commentAutoReplyRoutes.ts	17	GET	/comment-autoreply/campaigns	SI		isAuth|CommentAutoReplyController.listCampaigns
routes/commentAutoReplyRoutes.ts	18	POST	/comment-autoreply/campaigns	SI		isAuth|CommentAutoReplyController.createCampaign
routes/commentAutoReplyRoutes.ts	19	GET	/comment-autoreply/campaigns/:id	SI		isAuth|CommentAutoReplyController.showCampaign
routes/commentAutoReplyRoutes.ts	20	PUT	/comment-autoreply/campaigns/:id	SI		isAuth|CommentAutoReplyController.updateCampaign
routes/commentAutoReplyRoutes.ts	21	DELETE	/comment-autoreply/campaigns/:id	SI		isAuth|CommentAutoReplyController.deleteCampaign
routes/commentAutoReplyRoutes.ts	22	POST	/comment-autoreply/campaigns/:id/activate	SI		isAuth|CommentAutoReplyController.activateCampaign
routes/commentAutoReplyRoutes.ts	23	POST	/comment-autoreply/campaigns/:id/pause	SI		isAuth|CommentAutoReplyController.pauseCampaign
routes/commentAutoReplyRoutes.ts	26	GET	/comment-autoreply/pages/:pageId/posts	SI		isAuth|CommentAutoReplyController.listPagePosts
routes/commentAutoReplyRoutes.ts	29	GET	/comment-autoreply/campaigns/:id/logs	SI		isAuth|CommentAutoReplyController.listLogs
routes/commentAutoReplyRoutes.ts	30	GET	/comment-autoreply/campaigns/:id/stats	SI		isAuth|CommentAutoReplyController.getCampaignStats
routes/commentAutoReplyRoutes.ts	33	POST	/comment-autoreply/comments/:commentId/reply	SI		isAuth|CommentAutoReplyController.replyToComment
routes/commentAutoReplyRoutes.ts	34	POST	/comment-autoreply/comments/:commentId/hide	SI		isAuth|CommentAutoReplyController.hideComment
routes/commentAutoReplyRoutes.ts	35	DELETE	/comment-autoreply/comments/:commentId	SI		isAuth|CommentAutoReplyController.deleteComment
routes/commentAutoReplyRoutes.ts	36	POST	/comment-autoreply/comments/:commentId/block	SI		isAuth|CommentAutoReplyController.blockCommenter
routes/commentAutoReplyRoutes.ts	39	POST	/comment-autoreply/test-match	SI		isAuth|CommentAutoReplyController.testKeywordMatch
routes/commentAutoReplyRoutes.ts	40	POST	/comment-autoreply/test-reply	SI		isAuth|CommentAutoReplyController.testReply
routes/commentModerationRoutes.ts	7	GET	/moderation/queue	SI		isAuth|C.queue
routes/commentModerationRoutes.ts	8	GET	/moderation/queue/count	SI		isAuth|C.pendingCount
routes/commentModerationRoutes.ts	9	POST	/moderation/:commentId/act	SI		isAuth|C.act
routes/commentModerationRoutes.ts	10	GET	/moderation/:commentId/audit	SI		isAuth|C.audit
routes/commentModerationRoutes.ts	11	POST	/moderation/classify	SI		isAuth|C.classify
routes/commentModerationRoutes.ts	12	GET	/moderation/categories	SI		isAuth|C.listCategories
routes/commentModerationRoutes.ts	13	POST	/moderation/categories	SI		isAuth|C.upsertCategory
routes/companyRoutes.ts	11	GET	/companies/list	SI		isAuth|CompanyController.list
routes/companyRoutes.ts	12	GET	/companies	SI		isAuth|CompanyController.index
routes/companyRoutes.ts	13	GET	/companies/find	SI		isAuth|CompanyController.showCompany
routes/companyRoutes.ts	14	GET	/companies/settings	SI		isAuth|CompanyController.showCompany
routes/companyRoutes.ts	15	GET	/companies/:id	SI		isAuth|CompanyController.show
routes/companyRoutes.ts	20	POST	/companies	SI		isAuth|isSuper|CompanyController.store
routes/companyRoutes.ts	21	PUT	/companies/:id	SI		isAuth|CompanyController.update
routes/companyRoutes.ts	22	PUT	/companies/:id/schedules	SI		isAuth|CompanyController.updateSchedules
routes/companyRoutes.ts	23	DELETE	/companies/:id	SI		isAuth|CompanyController.remove
routes/companyRoutes.ts	26	POST	/companies/:id/enter	SI		isAuth|ImpersonationController.enter
routes/companyRoutes.ts	27	POST	/companies/exit	SI		isAuth|ImpersonationController.exit
routes/companyRoutes.ts	29	GET	/my-companies	SI		isAuth|SwitchCompanyController.myCompanies
routes/companyRoutes.ts	30	POST	/switch-company/:id	SI		isAuth|SwitchCompanyController.switchCompany
routes/companyRoutes.ts	32	GET	/companies/:companyId/members	SI		isAuth|MembershipController.index
routes/companyRoutes.ts	33	POST	/companies/:companyId/members	SI		isAuth|MembershipController.store
routes/companyRoutes.ts	34	PUT	/companies/:companyId/members/:userId	SI		isAuth|MembershipController.update
routes/companyRoutes.ts	35	DELETE	/companies/:companyId/members/:userId	SI		isAuth|MembershipController.remove
routes/companyRoutes.ts	37	GET	/companies/listPlan/:id	SI		isAuth|CompanyController.listPlan
routes/companyRoutes.ts	38	GET	/companiesPlan	SI		isAuth|CompanyController.indexPlan
routes/companyRoutes.ts	54	GET	/company/month	SI		isAuth|CompanyTokenUsageController.indexByMonth
routes/companyRoutes.ts	55	GET	/company/history	SI		isAuth|CompanyTokenUsageController.indexHistory
routes/companyRoutes.ts	58	GET	/company/token-stats	SI		isAuth|CompanyTokenUsageController.dashboardStats
routes/companyRoutes.ts	59	GET	/openai/dashboard-stats	SI		isAuth|CompanyTokenUsageController.dashboardStats
routes/companySettingsRoutes.ts	12	GET	/companySettings/:companyId	SI		isAuth|CompanySettingsController.show
routes/companySettingsRoutes.ts	13	GET	/companySettingOne/	SI		isAuth|CompanySettingsController.showOne
routes/companySettingsRoutes.ts	14	GET	/companySettingOnePayment/	SI		isAuth|CompanySettingsController.showOnePayment
routes/companySettingsRoutes.ts	15	PUT	/companySettings/	SI		isAuth|CompanySettingsController.update
routes/contactListItemRoutes.ts	14	GET	/contact-list-items	SI		isAuth|ContactListItemController.index
routes/contactListItemRoutes.ts	16	GET	/contact-list-items/:id	SI		isAuth|ContactListItemController.show
routes/contactListItemRoutes.ts	18	POST	/contact-list-items	SI		isAuth|ContactListItemController.store
routes/contactListItemRoutes.ts	20	PUT	/contact-list-items/:id	SI		isAuth|ContactListItemController.update
routes/contactListRoutes.ts	12	GET	/contact-lists/list	SI		isAuth|ContactListController.findList
routes/contactListRoutes.ts	13	GET	/contact-lists	SI		isAuth|ContactListController.index
routes/contactListRoutes.ts	14	GET	/contact-lists/:id	SI		isAuth|ContactListController.show
routes/contactListRoutes.ts	15	POST	/contact-lists	SI		isAuth|ContactListController.store
routes/contactListRoutes.ts	16	POST	/contact-lists/:id/upload	SI		isAuth|ContactListController.upload
routes/contactListRoutes.ts	17	PUT	/contact-lists/:id	SI		isAuth|ContactListController.update
routes/contactListRoutes.ts	18	DELETE	/contact-lists/:id	SI		isAuth|ContactListController.remove
routes/contactRoutes.ts	12	POST	/contacts/import	SI		isAuth|ImportPhoneContactsController.store
routes/contactRoutes.ts	14	POST	/contactsImport	SI		isAuth|ContactController.importXls
routes/contactRoutes.ts	15	GET	/contacts	SI		isAuth|ContactController.index
routes/contactRoutes.ts	16	GET	/contacts/list	SI		isAuth|ContactController.list
routes/contactRoutes.ts	18	GET	/contacts/list-whatsapp	SI		isAuth|ContactController.listWhatsapp
routes/contactRoutes.ts	19	GET	/contacts/:contactId	SI		isAuth|ContactController.show
routes/contactRoutes.ts	20	POST	/contacts	SI		isAuth|ContactController.store
routes/contactRoutes.ts	21	PUT	/contacts/:contactId	SI		isAuth|ContactController.update
routes/contactRoutes.ts	22	DELETE	/contacts/:contactId	SI		isAuth|ContactController.remove
routes/contactRoutes.ts	23	PUT	/contacts/toggleAcceptAudio/:contactId	SI		isAuth|ContactController.toggleAcceptAudio
routes/contactRoutes.ts	24	GET	/contacts	SI		isAuth|ContactController.getContactVcard
routes/contactRoutes.ts	25	GET	/contacts/profile/:number	SI		isAuth|ContactController.getContactProfileURL
routes/contactRoutes.ts	27	PUT	/contacts/block/:contactId	SI		isAuth|ContactController.blockUnblock
routes/contactRoutes.ts	28	POST	/contacts/upload	SI		isAuth|ContactController.upload
routes/contactRoutes.ts	29	GET	/contacts/import/status/:jobId	SI		isAuth|ContactController.getImportStatus
routes/contactRoutes.ts	30	POST	/contacts/export/excel	SI		isAuth|ContactController.exportToExcel
routes/contactRoutes.ts	32	GET	/contacts/export/download/:jobId	SI		isAuth|ContactController.downloadExport
routes/contactRoutes.ts	33	GET	/contactTags/:contactId	SI		isAuth|ContactController.getContactTags
routes/contactRoutes.ts	34	PUT	/contacts/toggleDisableBot/:contactId	SI		isAuth|ContactController.toggleDisableBot
routes/contactRoutes.ts	35	PUT	/contact-wallet/:contactId	SI		isAuth|ContactController.updateContactWallet
routes/dashboardRoutes.ts	8	GET	/dashboard	SI		isAuth|DashboardController.index
routes/dashboardRoutes.ts	11	GET	/dashboard/ticketsUsers	SI		isAuth|DashboardController.reportsUsers
routes/dashboardRoutes.ts	12	GET	/dashboard/ticketsDay	SI		isAuth|DashboardController.reportsDay
routes/dashboardRoutes.ts	13	GET	/dashboard/moments	SI		isAuth|DashboardController.DashTicketsQueues
routes/driveBackupRoutes.ts	8	GET	/drive-backup/status	SI		isAuth
routes/driveBackupRoutes.ts	9	GET	/drive-backup/auth-url	SI		isAuth
routes/driveBackupRoutes.ts	10	GET	/drive-backup/oauth-callback	NO		
routes/driveBackupRoutes.ts	11	POST	/drive-backup/run	SI		isAuth
routes/driveBackupRoutes.ts	12	GET	/drive-backup/logs	SI		isAuth
routes/driveBackupRoutes.ts	13	DELETE	/drive-backup/disconnect	SI		isAuth
routes/emailAutomationRoutes.ts	14	GET	/email-automations	SI		isAuth|EmailAutomationController.index
routes/emailAutomationRoutes.ts	15	POST	/email-automations	SI		isAuth|EmailAutomationController.store
routes/emailAutomationRoutes.ts	16	GET	/email-automations/:id	SI		isAuth|EmailAutomationController.show
routes/emailAutomationRoutes.ts	17	PUT	/email-automations/:id	SI		isAuth|EmailAutomationController.update
routes/emailAutomationRoutes.ts	18	DELETE	/email-automations/:id	SI		isAuth|EmailAutomationController.remove
routes/emailAutomationRoutes.ts	19	POST	/email-automations/:id/activate	SI		isAuth|EmailAutomationController.activate
routes/emailAutomationRoutes.ts	20	POST	/email-automations/:id/pause	SI		isAuth|EmailAutomationController.pause
routes/emailAutomationRoutes.ts	21	GET	/email-automations/:id/stats	SI		isAuth|EmailAutomationController.stats
routes/emailAutomationRoutes.ts	24	GET	/email-ab-tests	SI		isAuth|EmailAbTestController.index
routes/emailAutomationRoutes.ts	25	POST	/email-ab-tests	SI		isAuth|EmailAbTestController.store
routes/emailAutomationRoutes.ts	26	GET	/email-ab-tests/:id	SI		isAuth|EmailAbTestController.show
routes/emailAutomationRoutes.ts	27	POST	/email-ab-tests/:id/start	SI		isAuth|EmailAbTestController.start
routes/emailAutomationRoutes.ts	28	POST	/email-ab-tests/:id/declare-winner	SI		isAuth|EmailAbTestController.declareWinner
routes/emailAutomationRoutes.ts	29	DELETE	/email-ab-tests/:id	SI		isAuth|EmailAbTestController.remove
routes/emailAutomationRoutes.ts	33	GET	/email-segments/stats	SI		isAuth
routes/emailAutomationRoutes.ts	44	GET	/email-segments/query	SI		isAuth
routes/emailAutomationRoutes.ts	79	GET	/email-segments/engaged	SI		isAuth
routes/emailAutomationRoutes.ts	91	GET	/email-segments/cold	SI		isAuth
routes/emailAutomationRoutes.ts	103	GET	/email-segments/hot	SI		isAuth
routes/emailAutomationRoutes.ts	115	GET	/email-segments/new	SI		isAuth
routes/emailAutomationRoutes.ts	127	GET	/email-segments/bounced	SI		isAuth
routes/emailCampaignRoutes.ts	16	GET	/email-marketing/dashboard/kpis	SI		isAuth|EmailDashboardController.kpis
routes/emailCampaignRoutes.ts	17	GET	/email-marketing/dashboard/trend	SI		isAuth|EmailDashboardController.trend
routes/emailCampaignRoutes.ts	18	GET	/email-marketing/dashboard/campaigns	SI		isAuth|EmailDashboardController.campaigns
routes/emailCampaignRoutes.ts	19	GET	/email-marketing/dashboard/failures	SI		isAuth|EmailDashboardController.failures
routes/emailCampaignRoutes.ts	20	POST	/email-marketing/dashboard/sync	SI		isAuth|EmailDashboardController.sync
routes/emailCampaignRoutes.ts	22	GET	/email-campaigns	SI		isAuth|EmailCampaignController.index
routes/emailCampaignRoutes.ts	23	POST	/email-campaigns	SI		isAuth|EmailCampaignController.store
routes/emailCampaignRoutes.ts	24	POST	/email-campaigns/create-and-launch	SI		isAuth|EmailCampaignController.createAndLaunch
routes/emailCampaignRoutes.ts	25	GET	/email-campaigns/:id	SI		isAuth|EmailCampaignController.show
routes/emailCampaignRoutes.ts	26	PUT	/email-campaigns/:id	SI		isAuth|EmailCampaignController.update
routes/emailCampaignRoutes.ts	27	DELETE	/email-campaigns/:id	SI		isAuth|EmailCampaignController.remove
routes/emailCampaignRoutes.ts	42	POST	/email-campaigns/:id/cancel	SI		isAuth|EmailCampaignController.cancel
routes/emailCampaignRoutes.ts	43	POST	/email-campaigns/:id/restart	SI		isAuth|EmailCampaignController.restart
routes/emailCampaignRoutes.ts	46	POST	/email-campaigns/:id/send	SI		isAuth|EmailCampaignController.send
routes/emailCampaignRoutes.ts	47	POST	/email-campaigns/test-send	SI		isAuth|EmailCampaignController.testSend
routes/emailCampaignRoutes.ts	48	GET	/email-campaigns/:id/stats	SI		isAuth|EmailCampaignController.stats
routes/emailCampaignRoutes.ts	51	GET	/email-templates	SI		isAuth|EmailCampaignController.indexTemplates
routes/emailCampaignRoutes.ts	52	POST	/email-templates	SI		isAuth|EmailCampaignController.storeTemplate
routes/emailCampaignRoutes.ts	55	GET	/email-templates/gallery	SI		isAuth|EmailTemplateGalleryController.gallery
routes/emailCampaignRoutes.ts	56	POST	/email-templates/gallery/install	SI		isAuth|EmailTemplateGalleryController.installPreset
routes/emailCampaignRoutes.ts	59	POST	/email-templates/ai/subject-lines	SI		isAuth|EmailTemplateGalleryController.generateSubjectLines
routes/emailCampaignRoutes.ts	60	POST	/email-templates/ai/spam-score	SI		isAuth|EmailTemplateGalleryController.analyzeSpamScore
routes/emailCampaignRoutes.ts	61	POST	/email-templates/ai/generate	SI		isAuth|EmailTemplateGalleryController.generateContent
routes/emailCampaignRoutes.ts	64	GET	/email-templates/:id	SI		isAuth|EmailCampaignController.showTemplate
routes/emailCampaignRoutes.ts	65	PUT	/email-templates/:id	SI		isAuth|EmailCampaignController.updateTemplate
routes/emailCampaignRoutes.ts	66	DELETE	/email-templates/:id	SI		isAuth|EmailCampaignController.removeTemplate
routes/emailCampaignRoutes.ts	67	POST	/email-templates/:id/duplicate	SI		isAuth|EmailCampaignController.duplicateTemplate
routes/emailCampaignRoutes.ts	68	POST	/email-templates/:id/test-send	SI		isAuth|EmailCampaignController.sendTemplateTest
routes/emailPlanRoutes.ts	25	GET	/email-plans	NO		EmailPlanController.listEmailPlans
routes/emailPlanRoutes.ts	33	GET	/email-plans/balance	SI		isAuth|EmailPlanController.getEmailBalance
routes/emailPlanRoutes.ts	34	GET	/email-plans/usage	SI		isAuth|EmailPlanController.getEmailUsage
routes/emailPlanRoutes.ts	39	GET	/email-plans/:id	NO		EmailPlanController.getEmailPlan
routes/emailPlanRoutes.ts	44	POST	/email-plans	SI		isAuth|isSuperAdmin|EmailPlanController.createEmailPlan
routes/emailPlanRoutes.ts	45	PUT	/email-plans/:id	SI		isAuth|isSuperAdmin|EmailPlanController.updateEmailPlan
routes/emailPlanRoutes.ts	46	DELETE	/email-plans/:id	SI		isAuth|isSuperAdmin|EmailPlanController.deleteEmailPlan
routes/emailPlanRoutes.ts	51	POST	/email-plans/provision	NO		EmailPlanController.provisionEmailCredits
routes/falWebhookRoutes.ts	6	POST	/api/fal/webhook	NO		FalWebhookController.receive
routes/filesRoutes.ts	12	GET	/files/list	SI		isAuth|FilesController.list
routes/filesRoutes.ts	13	GET	/files	SI		isAuth|FilesController.index
routes/filesRoutes.ts	14	POST	/files	SI		isAuth|FilesController.store
routes/filesRoutes.ts	15	PUT	/files/:fileId	SI		isAuth|FilesController.update
routes/filesRoutes.ts	16	GET	/files/:fileId	SI		isAuth|FilesController.show
routes/filesRoutes.ts	17	DELETE	/files/:fileId	SI		isAuth|FilesController.remove
routes/filesRoutes.ts	18	DELETE	/files	SI		isAuth|FilesController.removeAll
routes/filesRoutes.ts	19	POST	/files/uploadList/:fileListId	SI		isAuth|FilesController.uploadMedias
routes/financialRoutes.ts	13	GET	/financial/summary	SI		isAuth|isSuper|FinancialDashboardController.summary
routes/financialRoutes.ts	17	GET	/financial/payments	SI		isAuth|isSuper|FinancialDashboardController.payments
routes/financialRoutes.ts	21	GET	/financial/export	SI		isAuth|isSuper|FinancialDashboardController.exportReport
routes/flowBuilderRoutes.ts	12	POST	/flowbuilder	SI		isAuth|FlowBuilderController.createFlow
routes/flowBuilderRoutes.ts	14	PUT	/flowbuilder	SI		isAuth|FlowBuilderController.updateFlow
routes/flowBuilderRoutes.ts	22	GET	/flowbuilder	SI		isAuth|FlowBuilderController.myFlows
routes/flowBuilderRoutes.ts	24	GET	/flowbuilder/:idFlow	SI		isAuth|FlowBuilderController.flowOne
routes/flowCampaignRoutes.ts	11	POST	/flowcampaign	SI		isAuth|FlowCampaignController.createFlowCampaign
routes/flowCampaignRoutes.ts	13	GET	/flowcampaign	SI		isAuth|FlowCampaignController.flowCampaigns
routes/flowCampaignRoutes.ts	15	GET	/flowcampaign/:idFlow	SI		isAuth|FlowCampaignController.flowCampaign
routes/flowCampaignRoutes.ts	17	PUT	/flowcampaign	SI		isAuth|FlowCampaignController.updateFlowCampaign
routes/flowDefaultRoutes.ts	14	PUT	/flowdefault	SI		isAuth|FlowDefaultController.updateFlow
routes/flowDefaultRoutes.ts	16	GET	/flowdefault	SI		isAuth|FlowDefaultController.getFlows
routes/generationRoutes.ts	44	GET	/api/generation/models	SI		isAuth|GenerationController.listModels
routes/generationRoutes.ts	50	POST	/api/generation/cost	SI		isAuth|GenerationController.estimateCost
routes/generationRoutes.ts	51	POST	/api/generation/debug	SI		isAuth|GenerationController.debug
routes/generationRoutes.ts	52	POST	/api/generation/jobs	SI		isAuth|GenerationController.createJob
routes/generationRoutes.ts	53	GET	/api/generation/jobs/:id	SI		isAuth|GenerationController.getJob
routes/healthRoutes.ts	13	GET	(NO-MONTADO)/health	NO		Request|Response
routes/healthRoutes.ts	55	GET	(NO-MONTADO)/ready	NO		Request|Response
routes/healthRoutes.ts	88	GET	(NO-MONTADO)/live	NO		Request|Response
routes/healthRoutes.ts	100	GET	(NO-MONTADO)/metrics	NO		Request|Response
routes/helpRoutes.ts	8	GET	/helps/list	SI		isAuth|HelpController.findList
routes/helpRoutes.ts	10	GET	/helps	SI		isAuth|HelpController.index
routes/helpRoutes.ts	12	GET	/helps/:id	SI		isAuth|HelpController.show
routes/helpRoutes.ts	14	POST	/helps	SI		isAuth|HelpController.store
routes/helpRoutes.ts	16	PUT	/helps/:id	SI		isAuth|HelpController.update
routes/helpRoutes.ts	18	DELETE	/helps/:id	SI		isAuth|HelpController.remove
routes/integrationRoutes.ts	10	GET	/integrations/	SI		isAuth|express.Request|express.Response
routes/integrationRoutes.ts	15	GET	/integrations/test/history	SI		isAuth|express.Request|express.Response
routes/integrationRoutes.ts	20	POST	/integrations/test	SI		isAuth|express.Request|express.Response
routes/integrationRoutes.ts	25	GET	/integrations/analytics	SI		isAuth|express.Request|express.Response
routes/integrationRoutes.ts	30	GET	/integrations/webhook-events	SI		isAuth|express.Request|express.Response
routes/integrationRoutes.ts	35	POST	/integrations/webhook-events/:eventId/retry	SI		isAuth|express.Request|express.Response
routes/integrationRoutes.ts	41	GET	/integrations/providers	SI		isAuth|IntegrationController.listProviders
routes/integrationRoutes.ts	42	GET	/integrations/providers/:id	SI		isAuth|IntegrationController.getProvider
routes/integrationRoutes.ts	46	GET	/integrations/connections	SI		isAuth|IntegrationController.listConnections
routes/integrationRoutes.ts	47	POST	/integrations/connections	SI		isAuth|IntegrationController.createConnection
routes/integrationRoutes.ts	48	PUT	/integrations/connections/:id	SI		isAuth|IntegrationController.updateConnection
routes/integrationRoutes.ts	49	DELETE	/integrations/connections/:id	SI		isAuth|IntegrationController.deleteConnection
routes/integrationRoutes.ts	50	POST	/integrations/connections/:id/test	SI		isAuth|IntegrationController.testConnection
routes/integrationRoutes.ts	54	POST	/integrations/connections/:id/sync/inbound	SI		isAuth|IntegrationController.syncInbound
routes/integrationRoutes.ts	55	POST	/integrations/connections/:id/sync/outbound	SI		isAuth|IntegrationController.syncOutbound
routes/integrationRoutes.ts	56	GET	/integrations/connections/:id/sync/logs	SI		isAuth|IntegrationController.getSyncLogs
routes/integrationRoutes.ts	61	POST	/integrations/webhooks/:providerId	NO		IntegrationController.handleWebhook
routes/integrationRoutes.ts	64	GET	/integrations/connections/:id/webhooks	SI		isAuth|IntegrationController.getWebhookEvents
routes/integrationRoutes.ts	68	GET	/integrations/connections/:id/mappings	SI		isAuth|IntegrationController.getEntityMappings
routes/internal.ts	119	POST	/internal/send	NO		Request|Response
routes/internal.ts	133	POST	/internal/send-media	NO		Request|Response
routes/internal.ts	196	GET	/internal/session/:id/status	NO		Request|Response
routes/internal.ts	211	POST	/internal/session/:id/restart	NO		Request|Response
routes/internal.ts	226	GET	/internal/health	NO		Request|Response
routes/internal.ts	251	POST	/internal/msg-status	NO		Request|Response
routes/internal.ts	280	GET	/internal/msg-pending/:wid	NO		Request|Response
routes/internal.ts	310	POST	/internal/wbot-call	NO		Request|Response
routes/internal.ts	363	POST	/internal/delete-message	NO		Request|Response
routes/internal.ts	399	POST	/internal/edit-message	NO		Request|Response
routes/invoicesRoutes.ts	7	GET	/invoices	SI		isAuth|InvoicesController.index
routes/invoicesRoutes.ts	8	GET	/invoices/list	SI		isAuth|InvoicesController.list
routes/invoicesRoutes.ts	9	GET	/invoices/all	SI		isAuth|InvoicesController.list
routes/invoicesRoutes.ts	10	GET	/invoices/:Invoiceid	SI		isAuth|InvoicesController.show
routes/invoicesRoutes.ts	11	PUT	/invoices/:id	SI		isAuth|InvoicesController.update
routes/lopdpRoutes.ts	7	POST	/lopdp/contacts/:id/consent	SI		isAuth|any
routes/lopdpRoutes.ts	13	POST	/lopdp/contacts/:id/erase	SI		isAuth|any
routes/mediaBackupRoutes.ts	8	GET	/media-backup/status	SI		isAuth
routes/mediaBackupRoutes.ts	9	GET	/media-backup/logs	SI		isAuth
routes/mediaBackupRoutes.ts	10	POST	/media-backup/run	SI		isAuth
routes/mediaRoutes.ts	25	POST	(NO-MONTADO)/upload-url	NO		
routes/mediaRoutes.ts	33	POST	(NO-MONTADO)/:id/confirm	NO		
routes/mediaRoutes.ts	41	POST	(NO-MONTADO)/upload	NO		
routes/mediaRoutes.ts	53	GET	(NO-MONTADO)/	NO		
routes/mediaRoutes.ts	61	GET	(NO-MONTADO)/stats	NO		
routes/mediaRoutes.ts	69	GET	(NO-MONTADO)/:id	NO		
routes/mediaRoutes.ts	77	GET	(NO-MONTADO)/:id/download	NO		
routes/mediaRoutes.ts	89	PATCH	(NO-MONTADO)/:id	NO		
routes/mediaRoutes.ts	97	DELETE	(NO-MONTADO)/:id	NO		
routes/messageRoutes.ts	12	GET	/messages/:ticketId	SI		isAuth|MessageController.index
routes/messageRoutes.ts	13	POST	/messages/:ticketId	SI		isAuth|MessageController.store
routes/messageRoutes.ts	15	DELETE	/messages/:messageId	SI		isAuth|MessageController.remove
routes/messageRoutes.ts	16	POST	/messages/edit/:messageId	SI		isAuth|MessageController.edit
routes/messageRoutes.ts	18	GET	/messages-allMe	SI		isAuth|MessageController.allMe
routes/messageRoutes.ts	20	GET	/messages/transcribeAudio/:fileName	SI		isAuth|MessageController.transcribeAudioMessage
routes/messageRoutes.ts	22	POST	/messages/lista/:ticketId	SI		isAuth|MessageController.sendListMessage
routes/messageRoutes.ts	23	POST	/messages/copy/:ticketId	SI		isAuth|MessageController.sendCopyMessage
routes/messageRoutes.ts	24	POST	/messages/call/:ticketId	SI		isAuth|MessageController.sendCALLMessage
routes/messageRoutes.ts	25	POST	/messages/url/:ticketId	SI		isAuth|MessageController.sendURLMessage
routes/messageRoutes.ts	26	POST	/messages/PIX/:ticketId	SI		isAuth|MessageController.sendPIXMessage
routes/messageRoutes.ts	27	POST	/message/forward	SI		isAuth|MessageController.forwardMessage
routes/messageRoutes.ts	29	POST	/messages/quick/:ticketId	SI		isAuth|MessageController.sendQuickMessage
routes/messageRoutes.ts	32	POST	/messages/:messageId/retry-decrypt	SI		isAuth|MessageController.retryDecrypt
routes/messageRoutes.ts	33	POST	/messages/ticket/:ticketId/recover	SI		isAuth|MessageController.recoverTicketMessages
routes/metaMarketingRoutes.ts	18	GET	/meta-marketing/roas	SI		isAuth|MetaMarketingController.getRoas
routes/metaMarketingRoutes.ts	312	GET	/meta-marketing/creatives/images	SI		isAuth|MetaMarketingController.listCreativeImages
routes/metaMarketingRoutes.ts	313	POST	/meta-marketing/creatives/preview	SI		isAuth|MetaMarketingController.previewCreative
routes/metaMarketingRoutes.ts	314	POST	/meta-marketing/creatives/carousel	SI		isAuth|MetaMarketingController.buildCarousel
routes/metaMarketingRoutes.ts	316	GET	/meta-marketing/adsets/:id	SI		isAuth|MetaMarketingController.getAdSetById
routes/metaMarketingRoutes.ts	318	GET	/meta-marketing/campaign-signals	SI		isAuth|MetaMarketingController.getCampaignSignals
routes/metaMarketingRoutes.ts	320	GET	/meta-marketing/pixel/snippet	SI		isAuth|MetaMarketingController.getPixelSnippet
routes/metaMarketingRoutes.ts	321	POST	/meta-marketing/pixel/validate	SI		isAuth|MetaMarketingController.validatePixel
routes/metaMarketingRoutes.ts	323	GET	/meta-marketing/winners	SI		isAuth|MetaMarketingController.getWinners
routes/metaMarketingRoutes.ts	324	POST	/meta-marketing/graduate	SI		isAuth|MetaMarketingController.graduateWinnerHandler
routes/notificationRoutes.ts	8	GET	/notifications	SI		isAuth|NotificationController.index
routes/paymentConfigRoutes.ts	12	GET	/payment-config	SI		isAuth|Request|Response
routes/paymentConfigRoutes.ts	39	GET	/payment-config/public	NO		Request|Response
routes/paypalRoutes.ts	14	POST	/paypal/create-order	SI		isAuth|PaypalController.createOrder
routes/paypalRoutes.ts	19	POST	/paypal/capture-order	SI		isAuth|PaypalController.captureOrder
routes/paypalRoutes.ts	23	POST	/paypal/webhook	NO		PaypalController.webhook
routes/planRoutes.ts	8	GET	/plans	SI		isAuth|PlanController.index
routes/planRoutes.ts	9	GET	/plans/list	NO		PlanController.list
routes/planRoutes.ts	10	GET	/plans/all	SI		isAuth|PlanController.list
routes/planRoutes.ts	11	GET	/plans/:id	SI		isAuth|PlanController.show
routes/planRoutes.ts	12	POST	/plans	SI		isAuth|PlanController.store
routes/planRoutes.ts	13	PUT	/plans/:id	SI		isAuth|PlanController.update
routes/planRoutes.ts	14	DELETE	/plans/:id	SI		isAuth|PlanController.remove
routes/planRoutes.ts	17	GET	/plans/:id/permissions	SI		isAuth|PlanController.getInterfacePermissions
routes/planRoutes.ts	18	PUT	/plans/:id/permissions	SI		isAuth|PlanController.updateInterfacePermissions
routes/promptRouter.ts	8	GET	/prompt	SI		isAuth|PromptController.index
routes/promptRouter.ts	10	POST	/prompt	SI		isAuth|PromptController.store
routes/promptRouter.ts	12	GET	/prompt/:promptId	SI		isAuth|PromptController.show
routes/promptRouter.ts	14	PUT	/prompt/:promptId	SI		isAuth|PromptController.update
routes/promptRouter.ts	16	DELETE	/prompt/:promptId	SI		isAuth|PromptController.remove
routes/queueIntegrationRoutes.ts	8	GET	/queueIntegration	SI		isAuth|QueueIntegrationController.index
routes/queueIntegrationRoutes.ts	10	POST	/queueIntegration	SI		isAuth|QueueIntegrationController.store
routes/queueIntegrationRoutes.ts	12	GET	/queueIntegration/:integrationId	SI		isAuth|QueueIntegrationController.show
routes/queueIntegrationRoutes.ts	14	PUT	/queueIntegration/:integrationId	SI		isAuth|QueueIntegrationController.update
routes/queueIntegrationRoutes.ts	16	DELETE	/queueIntegration/:integrationId	SI		isAuth|QueueIntegrationController.remove
routes/queueIntegrationRoutes.ts	18	POST	/queueIntegration/testsession	SI		isAuth|QueueIntegrationController.testSession
routes/queueOptionRoutes.ts	8	GET	/queue-options	SI		isAuth|QueueOptionController.index
routes/queueOptionRoutes.ts	9	POST	/queue-options	SI		isAuth|QueueOptionController.store
routes/queueOptionRoutes.ts	10	GET	/queue-options/:queueOptionId	SI		isAuth|QueueOptionController.show
routes/queueOptionRoutes.ts	11	PUT	/queue-options/:queueOptionId	SI		isAuth|QueueOptionController.update
routes/queueOptionRoutes.ts	12	DELETE	/queue-options/:queueOptionId	SI		isAuth|QueueOptionController.remove
routes/queueRoutes.ts	9	GET	/queue	SI		isAuth|QueueController.index
routes/queueRoutes.ts	10	POST	/queue	SI		isAuth|QueueController.store
routes/queueRoutes.ts	11	GET	/queue/:queueId	SI		isAuth|QueueController.show
routes/queueRoutes.ts	12	PUT	/queue/:queueId	SI		isAuth|QueueController.update
routes/queueRoutes.ts	13	DELETE	/queue/:queueId	SI		isAuth|QueueController.remove
routes/queueRoutes.ts	16	GET	/queues	SI		isAuth|QueueController.index
routes/queueRoutes.ts	17	POST	/queues	SI		isAuth|QueueController.store
routes/queueRoutes.ts	18	GET	/queues/:queueId	SI		isAuth|QueueController.show
routes/queueRoutes.ts	19	PUT	/queues/:queueId	SI		isAuth|QueueController.update
routes/queueRoutes.ts	20	DELETE	/queues/:queueId	SI		isAuth|QueueController.remove
routes/quickMessageRoutes.ts	12	GET	/quick-messages/list	SI		isAuth|QuickMessageController.findList
routes/quickMessageRoutes.ts	14	GET	/quick-messages	SI		isAuth|QuickMessageController.index
routes/quickMessageRoutes.ts	16	POST	/quick-messages/ai/suggest-intent	SI		isAuth|QuickMessageController.suggestAiIntent
routes/quickMessageRoutes.ts	18	POST	/quick-messages/ai/redraft	SI		isAuth|QuickMessageController.redraftMessage
routes/quickMessageRoutes.ts	20	GET	/quick-messages/:id	SI		isAuth|QuickMessageController.show
routes/quickMessageRoutes.ts	22	POST	/quick-messages	SI		isAuth|QuickMessageController.store
routes/quickMessageRoutes.ts	24	PUT	/quick-messages/:id	SI		isAuth|QuickMessageController.update
routes/quickMessageRoutes.ts	26	DELETE	/quick-messages/:id	SI		isAuth|QuickMessageController.remove
routes/recepts.ts	16	GET	/recepts/	SI		isAuth|isSuper|ReceiptController.index
routes/recepts.ts	19	GET	/recepts/:id	SI		isAuth|isSuper|ReceiptController.show
routes/recepts.ts	22	POST	/recepts/	SI		isAuth|ReceiptController.store
routes/recepts.ts	25	PUT	/recepts/:id	SI		isAuth|isSuper|ReceiptController.update
routes/recepts.ts	28	DELETE	/recepts/:id	SI		isAuth|isSuper|ReceiptController.remove
routes/roleRoutes.ts	8	GET	/roles	SI		isAuth|RoleController.index
routes/roleRoutes.ts	9	GET	/roles/seats	SI		isAuth|RoleController.seats
routes/roleRoutes.ts	10	POST	/roles	SI		isAuth|RoleController.store
routes/roleRoutes.ts	11	PUT	/roles/:id	SI		isAuth|RoleController.update
routes/roleRoutes.ts	12	DELETE	/roles/:id	SI		isAuth|RoleController.remove
routes/scheduleRoutes.ts	12	GET	/schedules	SI		isAuth|ScheduleController.index
routes/scheduleRoutes.ts	14	POST	/schedules	SI		isAuth|ScheduleController.store
routes/scheduleRoutes.ts	16	PUT	/schedules/:scheduleId	SI		isAuth|ScheduleController.update
routes/scheduleRoutes.ts	18	GET	/schedules/:scheduleId	SI		isAuth|ScheduleController.show
routes/scheduleRoutes.ts	20	DELETE	/schedules/:scheduleId	SI		isAuth|ScheduleController.remove
routes/scheduleRoutes.ts	22	POST	/schedules/:id/media-upload	SI		isAuth|ScheduleController.mediaUpload
routes/scheduleRoutes.ts	24	DELETE	/schedules/:id/media-upload	SI		isAuth|ScheduleController.deleteMedia
routes/settingRoutes.ts	18	GET	/settings	SI		isAuth|SettingController.index
routes/settingRoutes.ts	20	GET	/settings/:settingKey	SI		isAuth|SettingController.showOne
routes/settingRoutes.ts	22	GET	/settingsFacebook	SI		isAuth|SettingController.showFacebook
routes/settingRoutes.ts	24	PUT	/settings/:settingKey	SI		isAuth|SettingController.update
routes/settingRoutes.ts	26	GET	/setting/:settingKey	SI		isAuth|SettingController.getSetting
routes/settingRoutes.ts	28	PUT	/setting/:settingKey	SI		isAuth|SettingController.updateOne
routes/settingRoutes.ts	30	GET	/public-settings/:settingKey	NO		envTokenAuth|SettingController.publicShow
routes/settingRoutes.ts	32	POST	/settings-whitelabel/logo	SI		isAuth|SettingController.storeLogo
routes/settingRoutes.ts	51	GET	/settings/terms	SI		isAuth|SettingController.getTermsSettings
routes/settingRoutes.ts	52	PUT	/settings/terms/content	SI		isAuth|SettingController.updateTermsContent
routes/settingRoutes.ts	53	POST	/settings/terms/:type/activate	SI		isAuth|SettingController.activateTermsVersion
routes/settingRoutes.ts	56	POST	/settings/terms/accept	SI		isAuth|SettingController.acceptTerms
routes/settingRoutes.ts	57	GET	/settings/terms/user-history	SI		isAuth|SettingController.getUserAcceptanceHistory
routes/settingRoutes.ts	58	GET	/settings/terms/user-status/:documentType	SI		isAuth|SettingController.checkUserTermsStatus
routes/settingRoutes.ts	61	GET	/settings/terms/stats	SI		isAuth|SettingController.getAcceptanceStats
routes/settingRoutes.ts	64	GET	/settings/terms/public/:type	NO		SettingController.getPublicTerms
routes/socialCommentRoutes.ts	15	GET	/social-comments/posts	SI		isAuth|SocialCommentController.listPosts
routes/socialCommentRoutes.ts	16	GET	/social-comments/posts/:id/comments	SI		isAuth|SocialCommentController.listComments
routes/socialCommentRoutes.ts	19	GET	/social-comments/connections	SI		isAuth|SocialCommentController.listConnections
routes/socialCommentRoutes.ts	22	GET	/social-comments/settings	SI		isAuth|SocialCommentController.listSettings
routes/socialCommentRoutes.ts	23	PUT	/social-comments/settings	SI		isAuth|SocialCommentController.upsertSettings
routes/socialCommentRoutes.ts	26	POST	/social-comments/connect/:whatsappId	SI		isAuth|SocialCommentController.connectPage
routes/socialCommentRoutes.ts	27	POST	/social-comments/connect/:whatsappId/select	SI		isAuth|SocialCommentController.connectPageSelect
routes/socialCommentRoutes.ts	30	POST	/social-comments/sync/:whatsappId	SI		isAuth|SocialCommentController.sync
routes/socialCommentRoutes.ts	33	POST	/social-comments/:id/reply	SI		isAuth|SocialCommentController.reply
routes/socialCommentRoutes.ts	34	POST	/social-comments/:id/like	SI		isAuth|SocialCommentController.like
routes/socialCommentRoutes.ts	35	DELETE	/social-comments/:id/like	SI		isAuth|SocialCommentController.unlike
routes/socialCommentRoutes.ts	36	POST	/social-comments/:id/hide	SI		isAuth|SocialCommentController.hide
routes/statsRoutes.ts	8	POST	/stats/run	SI		isAuth|StatsController.runNow
routes/statsRoutes.ts	9	GET	/stats/recommendations	SI		isAuth|StatsController.listRecommendations
routes/statsRoutes.ts	10	PUT	/stats/recommendations/:id	SI		isAuth|StatsController.updateRecommendation
routes/statsRoutes.ts	11	GET	/stats/accuracy	SI		isAuth|StatsController.accuracy
routes/subScriptionRoutes.ts	9	POST	/subscription	SI		isAuth|SubscriptionController.createSubscription
routes/subScriptionRoutes.ts	10	POST	/subscription/paypal	SI		isAuth|SubscriptionController.createPaypalPlanPayment
routes/subScriptionRoutes.ts	11	POST	/subscription/paypal/capture	SI		isAuth|SubscriptionController.capturePaypalPlanPayment
routes/subScriptionRoutes.ts	12	POST	/subscription/stripewebhook/:type?	NO		SubscriptionController.stripewebhook
routes/subScriptionRoutes.ts	13	POST	/subscription/cancel	SI		isAuth|SubscriptionController.cancelsubscription
routes/subScriptionRoutes.ts	14	POST	/subscription/refund	SI		isAuth|SubscriptionController.refundPayment
routes/subScriptionRoutes.ts	18	POST	/subscription/create/webhook	NO		SubscriptionController.createWebhook
routes/subScriptionRoutes.ts	19	POST	/subscription/webhook/:type?	NO		SubscriptionController.webhook
routes/subScriptionRoutes.ts	20	POST	/subscription/webhook/pix/:type?	NO		SubscriptionController.webhook
routes/tagRoutes.ts	9	GET	/tags/list	SI		isAuth|TagController.list
routes/tagRoutes.ts	10	GET	/tags	SI		isAuth|TagController.index
routes/tagRoutes.ts	11	GET	/tags/:tagId	SI		isAuth|TagController.show
routes/tagRoutes.ts	12	GET	/tag/kanban	SI		isAuth|TagController.kanban
routes/tagRoutes.ts	14	POST	/tags	SI		isAuth|TagController.store
routes/tagRoutes.ts	15	POST	/tags/ai-recommend	SI		isAuth|TagController.aiRecommend
routes/tagRoutes.ts	16	POST	/tags/meta-conversion/ai-recommend	SI		isAuth|TagController.metaConversionAiRecommend
routes/tagRoutes.ts	17	POST	/tags/sync	SI		isAuth|TagController.syncTags
routes/tagRoutes.ts	19	PUT	/tags/:tagId	SI		isAuth|TagController.update
routes/tagRoutes.ts	21	DELETE	/tags/:tagId	SI		isAuth|TagController.remove
routes/tagRoutes.ts	22	DELETE	/tags-contacts/:tagId/:contactId	SI		isAuth|TagController.removeContactTag
routes/tagRoutes.ts	24	GET	/tag/kanban/metrics	SI		isAuth|KanbanMetricsController.getMetrics
routes/tagRoutes.ts	25	GET	/tag/kanban/funnel	SI		isAuth|KanbanMetricsController.getFunnel
routes/telegramRoutes.ts	7	GET	/telegram	SI		isAuth|TelegramController.index
routes/telegramRoutes.ts	8	POST	/telegram	SI		isAuth|TelegramController.store
routes/telegramRoutes.ts	9	GET	/telegram/:telegramId	SI		isAuth|TelegramController.show
routes/telegramRoutes.ts	10	PUT	/telegram/:telegramId	SI		isAuth|TelegramController.update
routes/telegramRoutes.ts	11	DELETE	/telegram/:telegramId	SI		isAuth|TelegramController.remove
routes/telegramRoutes.ts	12	POST	/telegram/:telegramId/restart	SI		isAuth|TelegramController.restart
routes/telegramRoutes.ts	15	POST	/telegram/webhook/:telegramId	NO		TelegramController.webhook
routes/ticketNoteRoutes.ts	14	GET	/ticket-notes	SI		isAuth|TicketNoteController.index
routes/ticketNoteRoutes.ts	16	GET	/ticket-notes/:id	SI		isAuth|TicketNoteController.show
routes/ticketNoteRoutes.ts	18	POST	/ticket-notes	SI		isAuth|TicketNoteController.store
routes/ticketNoteRoutes.ts	20	PUT	/ticket-notes/:id	SI		isAuth|TicketNoteController.update
routes/ticketRoutes.ts	8	GET	/tickets	SI		isAuth|TicketController.index
routes/ticketRoutes.ts	11	GET	/tickets/counts	SI		isAuth|TicketController.counts
routes/ticketRoutes.ts	13	GET	/tickets/:ticketId	SI		isAuth|TicketController.show
routes/ticketRoutes.ts	15	GET	/tickets-log/:ticketId	SI		isAuth|TicketController.showLog
routes/ticketRoutes.ts	17	GET	/ticket/kanban	SI		isAuth|TicketController.kanban
routes/ticketRoutes.ts	19	GET	/ticketreport/reports	SI		isAuth|TicketController.report
routes/ticketRoutes.ts	21	GET	/tickets/u/:uuid	SI		isAuth|TicketController.showFromUUID
routes/ticketRoutes.ts	23	POST	/tickets	SI		isAuth|TicketController.store
routes/ticketRoutes.ts	25	PUT	/setunredmsg/:ticketId	SI		isAuth|TicketController.setunredmsg
routes/ticketRoutes.ts	27	PUT	/tickets/:ticketId	SI		isAuth|TicketController.update
routes/ticketRoutes.ts	29	DELETE	/tickets/:ticketId	SI		isAuth|TicketController.remove
routes/ticketRoutes.ts	31	POST	/tickets/closeAll	SI		isAuth|TicketController.closeAll
routes/ticketRoutes.ts	33	PUT	/tickets/:ticketId/followup	SI		isAuth|TicketController.toggleFollowup
routes/ticketTagRoutes.ts	8	PUT	/ticket-tags/:ticketId/:tagId	SI		isAuth|TicketTagController.store
routes/ticketTagRoutes.ts	9	DELETE	/ticket-tags/:ticketId	SI		isAuth|TicketTagController.remove
routes/tiktokRoutes.ts	11	GET	/tiktok/oauth/callback	NO		TikTokController.oauthCallback
routes/tiktokRoutes.ts	16	GET	/tiktok/oauth/url	SI		isAuth|TikTokController.oauthUrl
routes/tiktokRoutes.ts	17	GET	/tiktok/business/oauth/url	SI		isAuth|TikTokController.businessOAuthUrl
routes/tiktokRoutes.ts	18	GET	/tiktok	SI		isAuth|TikTokController.index
routes/tiktokRoutes.ts	19	POST	/tiktok	SI		isAuth|TikTokController.store
routes/tiktokRoutes.ts	24	POST	/tiktok/:tiktokId/poll	SI		isAuth|TikTokController.pollNow
routes/tiktokRoutes.ts	25	GET	/tiktok/:tiktokId/videos	SI		isAuth|TikTokController.videos
routes/tiktokRoutes.ts	26	GET	/tiktok/:tiktokId/posts	SI		isAuth|TikTokController.listPosts
routes/tiktokRoutes.ts	27	GET	/tiktok/:tiktokId/posts/:postId/comments	SI		isAuth|TikTokController.listComments
routes/tiktokRoutes.ts	28	POST	/tiktok/:tiktokId/comments/:commentId/reply	SI		isAuth|TikTokController.replyToComment
routes/tiktokRoutes.ts	29	POST	/tiktok/:tiktokId/business/connect	SI		isAuth|TikTokController.connectBusiness
routes/tiktokRoutes.ts	34	GET	/tiktok/:tiktokId	SI		isAuth|TikTokController.show
routes/tiktokRoutes.ts	35	PUT	/tiktok/:tiktokId	SI		isAuth|TikTokController.update
routes/tiktokRoutes.ts	36	DELETE	/tiktok/:tiktokId	SI		isAuth|TikTokController.remove
routes/ugcSettingsRoutes.ts	8	GET	/ugc/settings	SI		isAuth|isSuper|UGCSettingsController.show
routes/ugcSettingsRoutes.ts	9	PUT	/ugc/settings	SI		isAuth|isSuper|UGCSettingsController.update
routes/ugcSettingsRoutes.ts	10	POST	/ugc/settings/test-fal	SI		isAuth|isSuper|UGCSettingsController.testFal
routes/userRoutes.ts	12	GET	/users	SI		isAuth|UserController.index
routes/userRoutes.ts	14	GET	/users/list	SI		isAuth|UserController.list
routes/userRoutes.ts	16	POST	/users	SI		isAuth|UserController.store
routes/userRoutes.ts	18	PUT	/users/:userId	SI		isAuth|UserController.update
routes/userRoutes.ts	20	GET	/users/:userId	SI		isAuth|UserController.show
routes/userRoutes.ts	22	DELETE	/users/:userId	SI		isAuth|UserController.remove
routes/userRoutes.ts	24	POST	/users/:userId/media-upload	SI		isAuth|UserController.mediaUpload
routes/userRoutes.ts	26	PUT	/users/toggleChangeWidht/:userId	SI		isAuth|UserController.toggleChangeWidht
routes/versionRoutes.ts	7	GET	/version	NO		VerssionController.index
routes/versionRoutes.ts	8	POST	/version	NO		VerssionController.store
routes/webChatWidgetRoutes.ts	15	GET	/webchat/analytics	SI		isAuth|WebChatWidgetController.getAnalytics
routes/webChatWidgetRoutes.ts	18	GET	/webchat/conversations	SI		isAuth|WebChatWidgetController.conversations
routes/webChatWidgetRoutes.ts	19	GET	/webchat/conversations/:id/messages	SI		isAuth|WebChatWidgetController.conversationMessages
routes/webChatWidgetRoutes.ts	20	POST	/webchat/conversations/:id/messages	SI		isAuth|WebChatWidgetController.sendConversationMessage
routes/webChatWidgetRoutes.ts	21	POST	/webchat/conversations/:id/read	SI		isAuth|WebChatWidgetController.readConversation
routes/webChatWidgetRoutes.ts	22	PUT	/webchat/conversations/:id/status	SI		isAuth|WebChatWidgetController.setConversationStatus
routes/webChatWidgetRoutes.ts	25	GET	/webchat/public/config/:apiKey	NO		WebChatWidgetController.getPublicConfig
routes/webChatWidgetRoutes.ts	26	POST	/webchat/public/message	NO		WebChatWidgetController.processPublicMessage
routes/webChatWidgetRoutes.ts	27	GET	/webchat/public/messages/:apiKey/:sessionId	NO		WebChatWidgetController.publicMessages
routes/webHookRoutes.ts	9	GET	/webhook/	NO		WebHooksController.index
routes/webHookRoutes.ts	10	POST	/webhook/	NO		WebHooksController.webHook
routes/webHookRoutes.ts	12	GET	/webhook/metaws	NO		MetaWebhookController.verifyMetaWebhook
routes/webHookRoutes.ts	13	POST	/webhook/metaws	NO		MetaWebhookController.receiveMetaWebhook
routes/webHookRoutes.ts	14	POST	/webhook/meta	SI		isAuth|WhatsAppController.storeMeta
routes/webHookRoutes.ts	17	GET	/webhook/facebook	NO		FBPageWebhookController.verify
routes/webHookRoutes.ts	18	POST	/webhook/facebook	NO		FBPageWebhookController.receive
routes/webchatRoutes.ts	15	POST	(NO-MONTADO)/channels	NO		WebChatController.createChannel
routes/webchatRoutes.ts	18	GET	(NO-MONTADO)/channels	NO		WebChatController.listChannels
routes/webchatRoutes.ts	21	GET	(NO-MONTADO)/channels/:id	NO		WebChatController.getChannel
routes/webchatRoutes.ts	24	PUT	(NO-MONTADO)/channels/:id	NO		WebChatController.updateChannel
routes/webchatRoutes.ts	27	DELETE	(NO-MONTADO)/channels/:id	NO		WebChatController.deleteChannel
routes/webchatRoutes.ts	38	POST	(NO-MONTADO)/sessions	NO		WebChatController.createSession
routes/webchatRoutes.ts	41	GET	(NO-MONTADO)/sessions	NO		WebChatController.listSessions
routes/webchatRoutes.ts	44	GET	(NO-MONTADO)/sessions/:sessionId	NO		WebChatController.getSession
routes/webchatRoutes.ts	47	PUT	(NO-MONTADO)/sessions/:sessionId	NO		WebChatController.updateSession
routes/webchatRoutes.ts	50	POST	(NO-MONTADO)/sessions/:sessionId/close	NO		WebChatController.closeSession
routes/webchatRoutes.ts	55	POST	(NO-MONTADO)/messages	NO		WebChatController.createMessage
routes/webchatRoutes.ts	58	GET	(NO-MONTADO)/messages	NO		WebChatController.listMessages
routes/webchatRoutes.ts	61	GET	(NO-MONTADO)/messages/:id	NO		WebChatController.getMessage
routes/webchatRoutes.ts	70	POST	(NO-MONTADO)/messages/:id/read	NO		WebChatController.markMessageAsRead
routes/webchatRoutes.ts	81	POST	(NO-MONTADO)/send	NO		WebChatController.sendMessage
routes/webchatRoutes.ts	84	POST	(NO-MONTADO)/send/typing	NO		WebChatController.sendTypingIndicator
routes/webchatRoutes.ts	87	POST	(NO-MONTADO)/send/media	NO		WebChatController.sendMediaMessage
routes/webhookWebchatRoutes.ts	14	POST	(NO-MONTADO)/inbound	NO		WebChatController.inboundWebhook
routes/webhookWebchatRoutes.ts	17	POST	(NO-MONTADO)/typing	NO		WebChatController.typingWebhook
routes/whatsappRoutes.ts	17	GET	/whatsapp/	SI		isAuth|WhatsAppController.index
routes/whatsappRoutes.ts	18	GET	/whatsapp/filter	SI		isAuth|WhatsAppController.indexFilter
routes/whatsappRoutes.ts	19	GET	/whatsapp/all	SI		isAuth|WhatsAppController.listAll
routes/whatsappRoutes.ts	22	GET	/whatsapps	SI		isAuth|WhatsAppController.index
routes/whatsappRoutes.ts	23	GET	/whatsapps/filter	SI		isAuth|WhatsAppController.indexFilter
routes/whatsappRoutes.ts	24	GET	/whatsapps/all	SI		isAuth|WhatsAppController.listAll
routes/whatsappRoutes.ts	26	POST	/whatsapp/	SI		isAuth|WhatsAppController.store
routes/whatsappRoutes.ts	27	POST	/facebook/	SI		isAuth|WhatsAppController.storeFacebook
routes/whatsappRoutes.ts	28	POST	/instagram/connect	SI		isAuth|WhatsAppController.storeInstagram
routes/whatsappRoutes.ts	29	GET	/whatsapp/:whatsappId	SI		isAuth|WhatsAppController.show
routes/whatsappRoutes.ts	30	PUT	/whatsapp/:whatsappId	SI		isAuth|WhatsAppController.update
routes/whatsappRoutes.ts	31	DELETE	/whatsapp/:whatsappId	SI		isAuth|WhatsAppController.remove
routes/whatsappRoutes.ts	32	POST	/closedimported/:whatsappId	SI		isAuth|WhatsAppController.closedTickets
routes/whatsappRoutes.ts	35	POST	/whatsapp-restart/	SI		isAuth|WhatsAppController.restart
routes/whatsappRoutes.ts	36	POST	/whatsapp/:whatsappId/media-upload	SI		isAuth|mediaUpload
routes/whatsappRoutes.ts	38	DELETE	/whatsapp/:whatsappId/media-upload	SI		isAuth|deleteMedia
routes/whatsappRoutes.ts	41	DELETE	/whatsapp-admin/:whatsappId	SI		isAuth|WhatsAppController.remove
routes/whatsappRoutes.ts	43	PUT	/whatsapp-admin/:whatsappId	SI		isAuth|WhatsAppController.updateAdmin
routes/whatsappRoutes.ts	45	GET	/whatsapp-admin/:whatsappId	SI		isAuth|WhatsAppController.showAdmin
